"","x"
"1",1
"2",2
"3",13
"4",14
"5",3
"6",1
"7",2
"8",5
"9",4
"10",4
"11",14
"12",2
"13",1
"14",13
"15",5
"16",14
"17",1
"18",1
"19",13
"20",2
"21",12
"22",16
"23",5
"24",12
"25",1
"26",25
"27",1
"28",4
"29",3
"30",2
"31",3
"32",5
"33",3
"34",1
"35",10
"36",3
"37",13
"38",15
"39",13
"40",3
"41",2
"42",2
"43",2
"44",2
"45",1
"46",7
"47",13
"48",9
"49",2
"50",1
"51",3
"52",27
"53",4
"54",6
"55",2
"56",4
"57",2
"58",1
"59",2
"60",1
"61",1
"62",13
"63",3
"64",3
"65",2
"66",19
"67",1
"68",9
"69",7
"70",7
"71",2
"72",13
"73",10
"74",6
"75",2
"76",3
"77",3
"78",1
"79",2
"80",7
"81",1
"82",3
"83",1
"84",2
"85",12
"86",3
"87",5
"88",2
"89",3
"90",9
"91",2
"92",15
"93",2
"94",5
"95",17
"96",2
"97",2
"98",2
"99",7
"100",6
"101",7
"102",7
"103",5
"104",5
"105",2
"106",2
"107",1
"108",5
"109",2
"110",2
"111",6
"112",4
"113",4
"114",3
"115",17
"116",1
"117",12
"118",15
"119",16
"120",2
"121",2
"122",6
"123",7
"124",9
"125",5
"126",16
"127",1
"128",16
"129",3
"130",5
"131",4
"132",16
"133",7
"134",1
"135",15
"136",16
"137",3
"138",1
"139",12
"140",16
"141",5
"142",5
"143",13
"144",25
"145",27
"146",10
"147",3
"148",3
"149",9
"150",3
"151",3
"152",6
"153",1
"154",4
"155",5
"156",4
"157",20
"158",4
"159",8
"160",3
"161",3
"162",7
"163",3
"164",1
"165",1
"166",2
"167",2
"168",10
"169",8
"170",4
"171",1
"172",1
"173",1
"174",8
"175",2
"176",19
"177",3
"178",2
"179",3
"180",4
"181",2
"182",22
"183",4
"184",7
"185",9
"186",3
"187",1
"188",6
"189",8
"190",10
"191",4
"192",1
"193",3
"194",2
"195",3
"196",9
"197",1
"198",20
"199",4
"200",4
"201",1
"202",2
"203",2
"204",16
"205",1
"206",6
"207",4
"208",4
"209",2
"210",7
"211",7
"212",3
"213",1
"214",2
"215",0
"216",1
"217",2
"218",2
"219",8
"220",2
"221",5
"222",1
"223",1
"224",5
"225",2
"226",2
"227",6
"228",1
"229",2
"230",1
"231",6
"232",9
"233",1
"234",1
"235",6
"236",8
"237",2
"238",14
"239",9
"240",1
"241",2
"242",1
"243",20
"244",7
"245",1
"246",5
"247",1
"248",9
"249",3
"250",9
"251",3
"252",1
"253",2
"254",9
"255",8
"256",10
"257",4
"258",1
"259",4
"260",22
"261",6
"262",21
"263",14
"264",10
"265",15
"266",10
"267",7
"268",6
"269",23
"270",7
"271",2
"272",5
"273",9
"274",4
"275",5
"276",8
"277",10
"278",1
"279",7
"280",2
"281",4
"282",13
"283",13
"284",2
"285",25
"286",12
"287",1
"288",14
"289",6
"290",7
"291",7
"292",3
"293",2
"294",2
"295",2
"296",3
"297",7
"298",2
"299",15
"300",1
"301",1
"302",8
"303",3
"304",10
"305",3
"306",1
"307",1
"308",5
"309",2
"310",21
"311",2
"312",8
"313",3
"314",8
"315",1
"316",1
"317",2
"318",8
"319",14
"320",1
"321",9
"322",7
"323",5
"324",19
"325",6
"326",8
"327",3
"328",8
"329",1
"330",2
"331",24
"332",3
"333",2
"334",2
"335",27
"336",8
"337",4
"338",8
"339",5
"340",2
"341",2
"342",2
"343",13
"344",5
"345",6
"346",3
"347",6
"348",2
"349",6
"350",7
"351",1
"352",2
"353",20
"354",6
"355",1
"356",1
"357",7
"358",4
"359",4
"360",4
"361",4
"362",1
"363",1
"364",7
"365",2
"366",3
"367",6
"368",9
"369",15
"370",13
"371",13
"372",1
"373",2
"374",3
"375",2
"376",1
"377",1
"378",3
"379",3
"380",14
"381",2
"382",1
"383",4
"384",2
"385",7
"386",19
"387",9
"388",2
"389",3
"390",6
"391",21
"392",1
"393",4
"394",19
"395",4
"396",3
"397",6
"398",1
"399",1
"400",9
"401",1
"402",6
"403",1
"404",6
"405",4
"406",5
"407",20
"408",10
"409",9
"410",2
"411",17
"412",5
"413",2
"414",9
"415",3
"416",3
"417",25
"418",3
"419",21
"420",2
"421",8
"422",7
"423",4
"424",6
"425",7
"426",2
"427",7
"428",3
"429",1
"430",6
"431",3
"432",8
"433",2
"434",1
"435",8
"436",1
"437",7
"438",13
"439",1
"440",15
"441",25
"442",14
"443",2
"444",16
"445",9
"446",8
"447",3
"448",3
"449",1
"450",1
"451",0
"452",1
"453",4
"454",10
"455",1
"456",1
"457",3
"458",1
"459",5
"460",2
"461",5
"462",20
"463",4
"464",13
"465",4
"466",4
"467",1
"468",2
"469",14
"470",19
"471",4
"472",1
"473",4
"474",21
"475",8
"476",10
"477",8
"478",3
"479",3
"480",14
"481",6
"482",1
"483",5
"484",4
"485",1
"486",3
"487",2
"488",9
"489",6
"490",14
"491",10
"492",5
"493",12
"494",1
"495",2
"496",4
"497",1
"498",1
"499",2
"500",15
"501",3
"502",3
"503",2
"504",6
"505",2
"506",4
"507",13
"508",8
"509",2
"510",6
"511",2
"512",2
"513",2
"514",3
"515",6
"516",2
"517",3
"518",6
"519",2
"520",12
"521",6
"522",3
"523",3
"524",4
"525",6
"526",6
"527",1
"528",5
"529",9
"530",2
"531",1
"532",9
"533",10
"534",19
"535",5
"536",25
"537",4
"538",9
"539",2
"540",3
"541",19
"542",2
"543",23
"544",20
"545",9
"546",3
"547",19
"548",2
"549",3
"550",1
"551",25
"552",1
"553",8
"554",5
"555",9
"556",7
"557",1
"558",1
"559",3
"560",5
"561",1
"562",17
"563",7
"564",3
"565",10
"566",5
"567",1
"568",16
"569",1
"570",9
"571",3
"572",4
"573",2
"574",5
"575",5
"576",17
"577",6
"578",5
"579",1
"580",2
"581",10
"582",1
"583",18
"584",2
"585",6
"586",7
"587",6
"588",5
"589",9
"590",1
"591",5
"592",4
"593",19
"594",8
"595",6
"596",14
"597",5
"598",3
"599",10
"600",1
"601",17
"602",6
"603",8
"604",2
"605",9
"606",3
"607",5
"608",10
"609",1
"610",5
"611",3
"612",2
"613",3
"614",7
"615",25
"616",7
"617",18
"618",5
"619",1
"620",1
"621",12
"622",4
"623",6
"624",1
"625",1
"626",12
"627",13
"628",6
"629",1
"630",3
"631",6
"632",2
"633",1
"634",7
"635",10
"636",4
"637",21
"638",19
"639",2
"640",13
"641",6
"642",2
"643",2
"644",3
"645",2
"646",4
"647",1
"648",5
"649",2
"650",3
"651",8
"652",5
"653",3
"654",4
"655",2
"656",6
"657",15
"658",8
"659",4
"660",3
"661",3
"662",3
"663",3
"664",7
"665",6
"666",1
"667",6
"668",1
"669",9
"670",14
"671",3
"672",1
"673",3
"674",11
"675",12
"676",16
"677",1
"678",21
"679",4
"680",7
"681",9
"682",8
"683",3
"684",3
"685",1
"686",7
"687",7
"688",7
"689",2
"690",2
"691",5
"692",3
"693",6
"694",1
"695",1
"696",3
"697",3
"698",2
"699",19
"700",14
"701",1
"702",3
"703",24
"704",10
"705",10
"706",14
"707",5
"708",17
"709",20
"710",4
"711",14
"712",1
"713",7
"714",12
"715",2
"716",3
"717",13
"718",8
"719",1
"720",2
"721",14
"722",1
"723",7
"724",2
"725",1
"726",8
"727",1
"728",2
"729",3
"730",2
"731",9
"732",18
"733",8
"734",9
"735",3
"736",1
"737",8
"738",2
"739",1
"740",3
"741",11
"742",2
"743",1
"744",1
"745",2
"746",1
"747",12
"748",2
"749",3
"750",3
"751",10
"752",1
"753",15
"754",21
"755",1
"756",21
"757",25
"758",24
"759",16
"760",2
"761",12
"762",9
"763",6
"764",1
"765",1
"766",8
"767",1
"768",4
"769",1
"770",10
"771",7
"772",7
"773",14
"774",25
"775",3
"776",1
"777",7
"778",1
"779",1
"780",2
"781",15
"782",8
"783",5
"784",1
"785",5
"786",4
"787",4
"788",12
"789",13
"790",1
"791",3
"792",3
"793",16
"794",1
"795",6
"796",1
"797",13
"798",2
"799",16
"800",5
"801",2
"802",8
"803",1
"804",3
"805",1
"806",12
"807",1
"808",1
"809",1
"810",1
"811",5
"812",2
"813",5
"814",7
"815",4
"816",16
"817",9
"818",3
"819",2
"820",1
"821",1
"822",1
"823",23
"824",8
"825",1
"826",1
"827",15
"828",1
"829",5
"830",12
"831",4
"832",3
"833",1
"834",2
"835",6
"836",1
"837",6
"838",7
"839",1
"840",3
"841",17
"842",12
"843",20
"844",6
"845",10
"846",1
"847",2
"848",6
"849",5
"850",3
"851",18
"852",10
"853",6
"854",7
"855",13
"856",1
"857",3
"858",4
"859",6
"860",7
"861",4
"862",6
"863",13
"864",9
"865",10
"866",3
"867",1
"868",15
"869",14
"870",2
"871",6
"872",10
"873",9
"874",2
"875",1
"876",2
"877",3
"878",10
"879",3
"880",7
"881",4
"882",1
"883",23
"884",2
"885",3
"886",1
"887",1
"888",5
"889",5
"890",1
"891",5
"892",6
"893",7
"894",20
"895",13
"896",3
"897",1
"898",4
"899",9
"900",2
"901",7
"902",6
"903",2
"904",2
"905",7
"906",6
"907",11
"908",1
"909",3
"910",6
"911",1
"912",3
"913",1
"914",3
"915",1
"916",1
"917",5
"918",1
"919",9
"920",1
"921",9
"922",5
"923",1
"924",7
"925",16
"926",3
"927",1
"928",1
"929",3
"930",5
"931",1
"932",3
"933",1
"934",8
"935",1
"936",3
"937",7
"938",8
"939",5
"940",10
"941",8
"942",2
"943",2
"944",9
"945",7
"946",2
"947",7
"948",5
"949",2
"950",1
"951",3
"952",4
"953",14
"954",2
"955",5
"956",1
"957",16
"958",11
"959",1
"960",10
"961",1
"962",1
"963",5
"964",2
"965",10
"966",1
"967",2
"968",1
"969",6
"970",4
"971",7
"972",6
"973",1
"974",4
"975",4
"976",7
"977",2
"978",10
"979",6
"980",3
"981",3
"982",2
"983",3
"984",5
"985",9
"986",10
"987",3
"988",6
"989",6
"990",3
"991",1
"992",1
"993",7
"994",15
"995",3
"996",5
"997",15
"998",2
"999",3
"1000",14
"1001",8
"1002",26
"1003",3
"1004",3
"1005",8
"1006",13
"1007",3
"1008",5
"1009",2
"1010",10
"1011",2
"1012",1
"1013",13
"1014",12
"1015",2
"1016",3
"1017",3
"1018",2
"1019",6
"1020",7
"1021",21
"1022",23
"1023",2
"1024",7
"1025",3
"1026",6
"1027",5
"1028",2
"1029",6
"1030",2
"1031",5
"1032",3
"1033",2
"1034",6
"1035",6
"1036",1
"1037",8
"1038",20
"1039",10
"1040",4
"1041",8
"1042",3
"1043",6
"1044",7
"1045",3
"1046",1
"1047",1
"1048",18
"1049",4
"1050",1
"1051",3
"1052",5
"1053",8
"1054",6
"1055",7
"1056",1
"1057",24
"1058",1
"1059",12
"1060",13
"1061",15
"1062",13
"1063",1
"1064",6
"1065",7
"1066",19
"1067",1
"1068",4
"1069",15
"1070",14
"1071",2
"1072",24
"1073",5
"1074",2
"1075",2
"1076",8
"1077",4
"1078",17
"1079",2
"1080",14
"1081",1
"1082",6
"1083",3
"1084",3
"1085",1
"1086",8
"1087",15
"1088",2
"1089",3
"1090",0
"1091",7
"1092",22
"1093",13
"1094",14
"1095",6
"1096",13
"1097",6
"1098",2
"1099",1
"1100",10
"1101",8
"1102",12
"1103",2
"1104",5
"1105",8
"1106",2
"1107",1
"1108",14
"1109",1
"1110",1
"1111",3
"1112",3
"1113",1
"1114",3
"1115",20
"1116",8
"1117",5
"1118",1
"1119",4
"1120",14
"1121",2
"1122",8
"1123",8
"1124",19
"1125",1
"1126",2
"1127",10
"1128",17
"1129",17
"1130",7
"1131",8
"1132",1
"1133",8
"1134",1
"1135",1
"1136",14
"1137",17
"1138",27
"1139",9
"1140",4
"1141",15
"1142",2
"1143",3
"1144",12
"1145",5
"1146",4
"1147",1
"1148",12
"1149",9
"1150",6
"1151",12
"1152",5
"1153",1
"1154",1
"1155",3
"1156",7
"1157",5
"1158",23
"1159",1
"1160",7
"1161",22
"1162",5
"1163",1
"1164",2
"1165",7
"1166",14
"1167",5
"1168",2
"1169",1
"1170",2
"1171",23
"1172",14
"1173",3
"1174",6
"1175",15
"1176",2
"1177",4
"1178",4
"1179",9
"1180",1
"1181",1
"1182",2
"1183",13
"1184",5
"1185",25
"1186",4
"1187",8
"1188",1
"1189",14
"1190",7
"1191",1
"1192",3
"1193",6
"1194",2
"1195",3
"1196",2
"1197",8
"1198",3
"1199",4
"1200",16
"1201",1
"1202",12
"1203",5
"1204",13
"1205",1
"1206",6
"1207",1
"1208",8
"1209",2
"1210",7
"1211",10
"1212",6
"1213",3
"1214",2
"1215",5
"1216",2
"1217",7
"1218",1
"1219",4
"1220",5
"1221",8
"1222",3
"1223",4
"1224",1
"1225",5
"1226",8
"1227",9
"1228",2
"1229",9
"1230",1
"1231",20
"1232",3
"1233",1
"1234",16
"1235",6
"1236",6
"1237",9
"1238",2
"1239",2
"1240",1
"1241",1
"1242",2
"1243",2
"1244",2
"1245",2
"1246",7
"1247",6
"1248",1
"1249",1
"1250",17
"1251",23
"1252",6
"1253",7
"1254",3
"1255",7
"1256",1
"1257",1
"1258",14
"1259",1
"1260",1
"1261",3
"1262",7
"1263",22
"1264",10
"1265",6
"1266",7
"1267",5
"1268",17
"1269",3
"1270",17
"1271",8
"1272",3
"1273",3
"1274",5
"1275",1
"1276",1
"1277",7
"1278",6
"1279",1
"1280",13
"1281",7
"1282",4
"1283",2
"1284",4
"1285",3
"1286",2
"1287",14
"1288",1
"1289",4
"1290",1
"1291",3
"1292",4
"1293",19
"1294",8
"1295",4
"1296",3
"1297",3
"1298",4
"1299",5
"1300",5
"1301",3
"1302",14
"1303",27
"1304",5
"1305",10
"1306",9
"1307",1
"1308",10
"1309",4
"1310",2
"1311",9
"1312",14
"1313",1
"1314",2
"1315",6
"1316",12
"1317",15
"1318",4
"1319",12
"1320",12
"1321",2
"1322",9
"1323",17
"1324",3
"1325",6
"1326",2
"1327",6
"1328",3
"1329",2
"1330",2
"1331",8
"1332",7
"1333",8
"1334",1
"1335",7
"1336",3
"1337",8
"1338",8
"1339",2
"1340",3
"1341",6
"1342",1
"1343",4
"1344",6
"1345",8
"1346",1
"1347",6
"1348",5
"1349",1
"1350",2
"1351",3
"1352",3
"1353",2
"1354",2
"1355",1
"1356",4
"1357",2
"1358",1
"1359",13
"1360",3
"1361",5
"1362",3
"1363",15
"1364",2
"1365",1
"1366",1
"1367",10
"1368",16
"1369",1
"1370",21
"1371",1
"1372",4
"1373",1
"1374",1
"1375",1
"1376",9
"1377",2
"1378",1
"1379",4
"1380",13
"1381",1
"1382",1
"1383",5
"1384",2
"1385",5
"1386",1
"1387",4
"1388",6
"1389",1
"1390",4
"1391",1
"1392",1
"1393",7
"1394",4
"1395",7
"1396",6
"1397",5
"1398",1
"1399",7
"1400",5
"1401",27
"1402",8
"1403",6
"1404",1
"1405",26
"1406",1
"1407",1
"1408",3
"1409",6
"1410",17
"1411",3
"1412",1
"1413",1
"1414",24
"1415",4
"1416",1
"1417",13
"1418",3
"1419",7
"1420",6
"1421",3
"1422",3
"1423",4
"1424",6
"1425",2
"1426",16
"1427",18
"1428",21
"1429",7
"1430",20
"1431",2
"1432",4
"1433",19
"1434",6
"1435",1
"1436",3
"1437",3
"1438",2
"1439",2
"1440",26
"1441",1
"1442",4
"1443",0
"1444",15
"1445",5
"1446",2
"1447",13
"1448",23
"1449",2
"1450",3
"1451",21
"1452",1
"1453",1
"1454",1
"1455",9
"1456",1
"1457",1
"1458",16
"1459",2
"1460",2
"1461",5
"1462",3
"1463",3
"1464",2
"1465",2
"1466",10
"1467",3
"1468",2
"1469",2
"1470",5
"1471",7
"1472",13
"1473",19
"1474",13
"1475",10
"1476",5
"1477",2
"1478",9
"1479",13
"1480",6
"1481",8
"1482",17
"1483",9
"1484",5
"1485",2
"1486",2
"1487",5
"1488",1
"1489",5
"1490",12
"1491",2
"1492",3
"1493",2
"1494",4
"1495",2
"1496",2
"1497",3
"1498",17
"1499",2
"1500",3
"1501",3
"1502",1
"1503",1
"1504",7
"1505",1
"1506",4
"1507",24
"1508",1
"1509",1
"1510",1
"1511",12
"1512",12
"1513",9
"1514",3
"1515",1
"1516",3
"1517",6
"1518",1
"1519",1
"1520",3
"1521",23
"1522",22
"1523",13
"1524",3
"1525",6
"1526",4
"1527",5
"1528",8
"1529",4
"1530",2
"1531",3
"1532",3
"1533",1
"1534",2
"1535",2
"1536",10
"1537",20
"1538",4
"1539",3
"1540",6
"1541",2
"1542",14
"1543",13
"1544",4
"1545",10
"1546",8
"1547",4
"1548",1
"1549",1
"1550",5
"1551",8
"1552",23
"1553",25
"1554",2
"1555",5
"1556",7
"1557",2
"1558",7
"1559",9
"1560",1
"1561",4
"1562",9
"1563",2
"1564",2
"1565",4
"1566",15
"1567",1
"1568",2
"1569",4
"1570",2
"1571",4
"1572",3
"1573",2
"1574",3
"1575",25
"1576",1
"1577",7
"1578",2
"1579",9
"1580",2
"1581",3
"1582",3
"1583",2
"1584",3
"1585",2
"1586",3
"1587",6
"1588",2
"1589",23
"1590",7
"1591",5
"1592",7
"1593",10
"1594",3
"1595",11
"1596",3
"1597",2
"1598",2
"1599",7
"1600",1
"1601",1
"1602",3
"1603",2
"1604",9
"1605",2
"1606",15
"1607",11
"1608",18
"1609",7
"1610",14
"1611",8
"1612",5
"1613",7
"1614",3
"1615",4
"1616",10
"1617",8
"1618",1
"1619",19
"1620",8
"1621",8
"1622",9
"1623",3
"1624",10
"1625",10
"1626",2
"1627",5
"1628",2
"1629",3
"1630",2
"1631",2
"1632",13
"1633",6
"1634",8
"1635",5
"1636",8
"1637",3
"1638",1
"1639",7
"1640",2
"1641",5
"1642",2
"1643",1
"1644",5
"1645",1
"1646",2
"1647",8
"1648",2
"1649",10
"1650",13
"1651",2
"1652",1
"1653",3
"1654",1
"1655",4
"1656",5
"1657",9
"1658",9
"1659",1
"1660",3
"1661",7
"1662",21
"1663",20
"1664",14
"1665",4
"1666",3
"1667",21
"1668",1
"1669",20
"1670",1
"1671",9
"1672",7
"1673",17
"1674",14
"1675",3
"1676",2
"1677",2
"1678",17
"1679",1
"1680",2
"1681",4
"1682",18
"1683",5
"1684",5
"1685",18
"1686",15
"1687",22
"1688",15
"1689",4
"1690",4
"1691",1
"1692",2
"1693",22
"1694",1
"1695",3
"1696",6
"1697",3
"1698",5
"1699",1
"1700",10
"1701",8
"1702",7
"1703",9
"1704",4
"1705",5
"1706",10
"1707",2
"1708",1
"1709",7
"1710",5
"1711",3
"1712",4
"1713",25
"1714",6
"1715",1
"1716",2
"1717",3
"1718",6
"1719",6
"1720",2
"1721",1
"1722",10
"1723",2
"1724",2
"1725",5
"1726",4
"1727",3
"1728",2
"1729",6
"1730",13
"1731",1
"1732",15
"1733",3
"1734",4
"1735",20
"1736",9
"1737",4
"1738",1
"1739",21
"1740",8
"1741",1
"1742",5
"1743",17
"1744",3
"1745",2
"1746",5
"1747",3
"1748",1
"1749",12
"1750",3
"1751",2
"1752",5
"1753",4
"1754",14
"1755",3
"1756",7
"1757",1
"1758",3
"1759",1
"1760",4
"1761",1
"1762",16
"1763",9
"1764",10
"1765",3
"1766",1
"1767",5
"1768",1
"1769",7
"1770",1
"1771",4
"1772",1
"1773",5
"1774",16
"1775",1
"1776",16
"1777",17
"1778",1
"1779",10
"1780",2
"1781",1
"1782",25
"1783",8
"1784",1
"1785",2
"1786",7
"1787",26
"1788",1
"1789",14
"1790",2
"1791",4
"1792",3
"1793",9
"1794",5
"1795",5
"1796",2
"1797",1
"1798",2
"1799",17
"1800",6
"1801",3
"1802",4
"1803",2
"1804",3
"1805",4
"1806",1
"1807",3
"1808",2
"1809",3
"1810",8
"1811",5
"1812",1
"1813",3
"1814",17
"1815",6
"1816",2
"1817",8
"1818",5
"1819",10
"1820",3
"1821",2
"1822",13
"1823",8
"1824",3
"1825",14
"1826",1
"1827",1
"1828",12
"1829",9
"1830",5
"1831",15
"1832",3
"1833",3
"1834",8
"1835",15
"1836",8
"1837",17
"1838",4
"1839",4
"1840",14
"1841",2
"1842",3
"1843",3
"1844",5
"1845",5
"1846",6
"1847",1
"1848",1
"1849",1
"1850",1
"1851",17
"1852",16
"1853",7
"1854",24
"1855",13
"1856",4
"1857",2
"1858",17
"1859",2
"1860",5
"1861",3
"1862",1
"1863",2
"1864",2
"1865",6
"1866",7
"1867",6
"1868",3
"1869",8
"1870",4
"1871",3
"1872",2
"1873",17
"1874",2
"1875",2
"1876",7
"1877",6
"1878",2
"1879",6
"1880",3
"1881",3
"1882",6
"1883",7
"1884",6
"1885",6
"1886",3
"1887",6
"1888",2
"1889",1
"1890",3
"1891",8
"1892",1
"1893",14
"1894",2
"1895",6
"1896",20
"1897",6
"1898",7
"1899",3
"1900",6
"1901",5
"1902",5
"1903",1
"1904",24
"1905",3
"1906",21
"1907",4
"1908",2
"1909",6
"1910",7
"1911",2
"1912",2
"1913",1
"1914",4
"1915",3
"1916",2
"1917",7
"1918",6
"1919",6
"1920",1
"1921",12
"1922",4
"1923",1
"1924",1
"1925",25
"1926",9
"1927",1
"1928",16
"1929",3
"1930",1
"1931",3
"1932",3
"1933",5
"1934",2
"1935",2
"1936",5
"1937",2
"1938",4
"1939",17
"1940",1
"1941",4
"1942",24
"1943",17
"1944",16
"1945",3
"1946",3
"1947",3
"1948",1
"1949",2
"1950",4
"1951",3
"1952",10
"1953",3
"1954",7
"1955",6
"1956",1
"1957",7
"1958",3
"1959",1
"1960",4
"1961",4
"1962",14
"1963",12
"1964",15
"1965",2
"1966",1
"1967",4
"1968",2
"1969",1
"1970",1
"1971",3
"1972",4
"1973",3
"1974",2
"1975",3
"1976",6
"1977",1
"1978",1
"1979",4
"1980",17
"1981",1
"1982",3
"1983",5
"1984",3
"1985",20
"1986",9
"1987",1
"1988",2
"1989",2
"1990",1
"1991",1
"1992",1
"1993",1
"1994",14
"1995",2
"1996",8
"1997",8
"1998",3
"1999",2
"2000",13
"2001",2
"2002",4
"2003",4
"2004",8
"2005",3
"2006",1
"2007",1
"2008",2
"2009",2
"2010",3
"2011",7
"2012",8
"2013",7
"2014",1
"2015",8
"2016",2
"2017",3
"2018",2
"2019",7
"2020",6
"2021",6
"2022",20
"2023",17
"2024",23
"2025",1
"2026",1
"2027",9
"2028",15
"2029",7
"2030",8
"2031",2
"2032",4
"2033",10
"2034",17
"2035",14
"2036",8
"2037",19
"2038",14
"2039",6
"2040",1
"2041",2
"2042",6
"2043",1
"2044",1
"2045",3
"2046",17
"2047",8
"2048",1
"2049",1
"2050",4
"2051",6
"2052",17
"2053",6
"2054",2
"2055",3
"2056",2
"2057",1
"2058",15
"2059",9
"2060",4
"2061",1
"2062",1
"2063",3
"2064",1
"2065",2
"2066",4
"2067",2
"2068",3
"2069",5
"2070",3
"2071",14
"2072",2
"2073",3
"2074",4
"2075",6
"2076",17
"2077",1
"2078",4
"2079",4
"2080",2
"2081",5
"2082",12
"2083",8
"2084",4
"2085",4
"2086",22
"2087",13
"2088",8
"2089",1
"2090",1
"2091",5
"2092",1
"2093",12
"2094",13
"2095",3
"2096",1
"2097",9
"2098",2
"2099",10
"2100",27
"2101",1
"2102",5
"2103",1
"2104",12
"2105",1
"2106",4
"2107",8
"2108",9
"2109",6
"2110",5
"2111",5
"2112",4
"2113",4
"2114",1
"2115",3
"2116",4
"2117",6
"2118",1
"2119",4
"2120",5
"2121",7
"2122",8
"2123",1
"2124",15
"2125",1
"2126",1
"2127",10
"2128",1
"2129",3
"2130",1
"2131",4
"2132",15
"2133",7
"2134",2
"2135",2
"2136",10
"2137",5
"2138",3
"2139",3
"2140",3
"2141",8
"2142",13
"2143",4
"2144",2
"2145",6
"2146",7
"2147",13
"2148",4
"2149",2
"2150",5
"2151",9
"2152",14
"2153",1
"2154",3
"2155",1
"2156",14
"2157",8
"2158",12
"2159",4
"2160",2
"2161",1
"2162",1
"2163",2
"2164",3
"2165",25
"2166",1
"2167",1
"2168",10
"2169",2
"2170",3
"2171",3
"2172",9
"2173",1
"2174",1
"2175",4
"2176",7
"2177",17
"2178",2
"2179",1
"2180",4
"2181",13
"2182",1
"2183",2
"2184",2
"2185",4
"2186",3
"2187",5
"2188",8
"2189",6
"2190",20
"2191",19
"2192",1
"2193",2
"2194",20
"2195",1
"2196",2
"2197",25
"2198",6
"2199",20
"2200",9
"2201",23
"2202",13
"2203",10
"2204",17
"2205",2
"2206",5
"2207",2
"2208",1
"2209",1
"2210",19
"2211",25
"2212",1
"2213",1
"2214",3
"2215",2
"2216",1
"2217",5
"2218",6
"2219",7
"2220",1
"2221",3
"2222",2
"2223",1
"2224",3
"2225",6
"2226",5
"2227",5
"2228",15
"2229",3
"2230",7
"2231",16
"2232",1
"2233",2
"2234",1
"2235",5
"2236",5
"2237",17
"2238",16
"2239",6
"2240",2
"2241",5
"2242",5
"2243",11
"2244",8
"2245",8
"2246",12
"2247",5
"2248",1
"2249",7
"2250",2
"2251",3
"2252",2
"2253",5
"2254",12
"2255",10
"2256",1
"2257",1
"2258",1
"2259",5
"2260",3
"2261",2
"2262",3
"2263",18
"2264",10
"2265",7
"2266",21
"2267",1
"2268",4
"2269",1
"2270",4
"2271",2
"2272",3
"2273",13
"2274",7
"2275",1
"2276",24
"2277",22
"2278",6
"2279",19
"2280",13
"2281",7
"2282",1
"2283",7
"2284",8
"2285",4
"2286",6
"2287",5
"2288",20
"2289",5
"2290",2
"2291",2
"2292",1
"2293",4
"2294",2
"2295",1
"2296",2
"2297",19
"2298",1
"2299",19
"2300",1
"2301",1
"2302",17
"2303",1
"2304",2
"2305",7
"2306",13
"2307",1
"2308",3
"2309",2
"2310",3
"2311",3
"2312",19
"2313",11
"2314",5
"2315",7
"2316",3
"2317",15
"2318",5
"2319",7
"2320",13
"2321",10
"2322",3
"2323",3
"2324",1
"2325",9
"2326",10
"2327",3
"2328",1
"2329",1
"2330",1
"2331",3
"2332",2
"2333",8
"2334",20
"2335",6
"2336",12
"2337",11
"2338",12
"2339",16
"2340",3
"2341",1
"2342",14
"2343",1
"2344",4
"2345",9
"2346",10
"2347",16
"2348",17
"2349",10
"2350",2
"2351",10
"2352",8
"2353",3
"2354",4
"2355",2
"2356",4
"2357",3
"2358",1
"2359",13
"2360",1
"2361",1
"2362",7
"2363",3
"2364",7
"2365",5
"2366",5
"2367",3
"2368",2
"2369",2
"2370",9
"2371",5
"2372",5
"2373",12
"2374",1
"2375",4
"2376",4
"2377",2
"2378",2
"2379",5
"2380",2
"2381",17
"2382",17
"2383",1
"2384",1
"2385",25
"2386",20
"2387",3
"2388",7
"2389",9
"2390",1
"2391",1
"2392",4
"2393",2
"2394",2
"2395",1
"2396",3
"2397",1
"2398",2
"2399",5
"2400",2
"2401",17
"2402",2
"2403",16
"2404",1
"2405",12
"2406",2
"2407",2
"2408",1
"2409",1
"2410",27
"2411",7
"2412",1
"2413",13
"2414",3
"2415",15
"2416",1
"2417",2
"2418",5
"2419",19
"2420",6
"2421",6
"2422",3
"2423",10
"2424",9
"2425",3
"2426",1
"2427",1
"2428",7
"2429",15
"2430",22
"2431",24
"2432",1
"2433",2
"2434",5
"2435",9
"2436",1
"2437",4
"2438",14
"2439",16
"2440",13
"2441",2
"2442",16
"2443",3
"2444",9
"2445",1
"2446",3
"2447",12
"2448",7
"2449",7
"2450",2
"2451",4
"2452",7
"2453",3
"2454",8
"2455",3
"2456",4
"2457",17
"2458",9
"2459",3
"2460",7
"2461",12
"2462",3
"2463",1
"2464",10
"2465",7
"2466",3
"2467",7
"2468",1
"2469",1
"2470",8
"2471",6
"2472",5
"2473",4
"2474",2
"2475",4
"2476",6
"2477",3
"2478",2
"2479",6
"2480",3
"2481",14
"2482",14
"2483",3
"2484",10
"2485",13
"2486",2
"2487",7
"2488",8
"2489",1
"2490",3
"2491",4
"2492",3
"2493",4
"2494",1
"2495",4
"2496",27
"2497",8
"2498",3
"2499",6
"2500",6
"2501",7
"2502",6
"2503",18
"2504",3
"2505",3
"2506",9
"2507",9
"2508",4
"2509",7
"2510",21
"2511",16
"2512",16
"2513",4
"2514",1
"2515",1
"2516",1
"2517",2
"2518",1
"2519",10
"2520",9
"2521",2
"2522",5
"2523",3
"2524",9
"2525",1
"2526",4
"2527",15
"2528",17
"2529",1
"2530",18
"2531",4
"2532",8
"2533",1
"2534",1
"2535",8
"2536",12
"2537",16
"2538",2
"2539",1
"2540",1
"2541",5
"2542",5
"2543",5
"2544",4
"2545",2
"2546",2
"2547",9
"2548",7
"2549",16
"2550",16
"2551",5
"2552",3
"2553",3
"2554",8
"2555",6
"2556",16
"2557",12
"2558",2
"2559",7
"2560",1
"2561",4
"2562",1
"2563",2
"2564",5
"2565",2
"2566",15
"2567",9
"2568",3
"2569",5
"2570",1
"2571",3
"2572",1
"2573",15
"2574",20
"2575",8
"2576",9
"2577",7
"2578",9
"2579",9
"2580",14
"2581",4
"2582",7
"2583",3
"2584",1
"2585",3
"2586",7
"2587",9
"2588",2
"2589",8
"2590",5
"2591",6
"2592",2
"2593",2
"2594",5
"2595",6
"2596",2
"2597",15
"2598",12
"2599",5
"2600",12
"2601",9
"2602",1
"2603",2
"2604",2
"2605",3
"2606",2
"2607",6
"2608",10
"2609",3
"2610",14
"2611",1
"2612",14
"2613",13
"2614",7
"2615",9
"2616",2
"2617",3
"2618",3
"2619",5
"2620",2
"2621",2
"2622",3
"2623",2
"2624",2
"2625",13
"2626",8
"2627",1
"2628",3
"2629",2
"2630",1
"2631",7
"2632",2
"2633",4
"2634",1
"2635",2
"2636",9
"2637",3
"2638",6
"2639",16
"2640",6
"2641",6
"2642",2
"2643",5
"2644",1
"2645",2
"2646",14
"2647",25
"2648",2
"2649",5
"2650",1
"2651",14
"2652",3
"2653",5
"2654",3
"2655",8
"2656",1
"2657",19
"2658",4
"2659",9
"2660",7
"2661",4
"2662",20
"2663",2
"2664",13
"2665",19
"2666",4
"2667",8
"2668",9
"2669",10
"2670",19
"2671",27
"2672",3
"2673",3
"2674",4
"2675",1
"2676",1
"2677",1
"2678",1
"2679",22
"2680",2
"2681",16
"2682",17
"2683",10
"2684",1
"2685",9
"2686",5
"2687",3
"2688",9
"2689",7
"2690",2
"2691",2
"2692",8
"2693",20
"2694",17
"2695",1
"2696",1
"2697",17
"2698",4
"2699",3
"2700",20
"2701",2
"2702",16
"2703",8
"2704",7
"2705",2
"2706",7
"2707",6
"2708",1
"2709",6
"2710",13
"2711",14
"2712",13
"2713",5
"2714",2
"2715",6
"2716",7
"2717",7
"2718",21
"2719",7
"2720",7
"2721",7
"2722",7
"2723",7
"2724",7
"2725",3
"2726",9
"2727",6
"2728",7
"2729",7
"2730",3
"2731",6
"2732",1
"2733",3
"2734",21
"2735",18
"2736",12
"2737",1
"2738",21
"2739",2
"2740",2
"2741",1
"2742",4
"2743",1
"2744",1
"2745",24
"2746",1
"2747",10
"2748",1
"2749",16
"2750",16
"2751",15
"2752",6
"2753",3
"2754",6
"2755",3
"2756",1
"2757",1
"2758",1
"2759",2
"2760",2
"2761",8
"2762",1
"2763",6
"2764",6
"2765",3
"2766",7
"2767",7
"2768",1
"2769",7
"2770",3
"2771",5
"2772",15
"2773",8
"2774",3
"2775",2
"2776",2
"2777",2
"2778",1
"2779",8
"2780",3
"2781",20
"2782",6
"2783",1
"2784",2
"2785",5
"2786",4
"2787",8
"2788",5
"2789",17
"2790",13
"2791",2
"2792",2
"2793",11
"2794",13
"2795",8
"2796",3
"2797",3
"2798",1
"2799",2
"2800",5
"2801",5
"2802",3
"2803",3
"2804",1
"2805",2
"2806",3
"2807",6
"2808",3
"2809",3
"2810",6
"2811",3
"2812",1
"2813",8
"2814",17
"2815",1
"2816",17
"2817",14
"2818",12
"2819",1
"2820",16
"2821",5
"2822",3
"2823",15
"2824",1
"2825",5
"2826",16
"2827",3
"2828",13
"2829",5
"2830",1
"2831",6
"2832",20
"2833",21
"2834",1
"2835",7
"2836",3
"2837",7
"2838",3
"2839",1
"2840",12
"2841",5
"2842",2
"2843",11
"2844",1
"2845",2
"2846",1
"2847",1
"2848",1
"2849",1
"2850",1
"2851",1
"2852",5
"2853",1
"2854",6
"2855",3
"2856",16
"2857",1
"2858",1
"2859",2
"2860",3
"2861",10
"2862",1
"2863",3
"2864",3
"2865",6
"2866",6
"2867",6
"2868",20
"2869",14
"2870",10
"2871",3
"2872",4
"2873",13
"2874",2
"2875",5
"2876",2
"2877",8
"2878",1
"2879",5
"2880",2
"2881",9
"2882",3
"2883",4
"2884",3
"2885",19
"2886",2
"2887",8
"2888",23
"2889",9
"2890",2
"2891",6
"2892",7
"2893",4
"2894",3
"2895",2
"2896",1
"2897",5
"2898",1
"2899",17
"2900",2
"2901",5
"2902",4
"2903",9
"2904",17
"2905",2
"2906",25
"2907",9
"2908",4
"2909",4
"2910",17
"2911",17
"2912",27
"2913",7
"2914",1
"2915",3
"2916",14
"2917",1
"2918",2
"2919",4
"2920",9
"2921",3
"2922",8
"2923",13
"2924",1
"2925",9
"2926",1
"2927",12
"2928",2
"2929",7
"2930",4
"2931",3
"2932",1
"2933",2
"2934",3
"2935",8
"2936",7
"2937",2
"2938",7
"2939",6
"2940",3
"2941",2
"2942",3
"2943",2
"2944",12
"2945",2
"2946",2
"2947",6
"2948",15
"2949",3
"2950",7
"2951",16
"2952",3
"2953",7
"2954",14
"2955",2
"2956",1
"2957",4
"2958",13
"2959",2
"2960",6
"2961",3
"2962",5
"2963",7
"2964",3
"2965",1
"2966",6
"2967",20
"2968",6
"2969",16
"2970",10
"2971",7
"2972",1
"2973",3
"2974",4
"2975",1
"2976",8
"2977",9
"2978",2
"2979",5
"2980",3
"2981",1
"2982",4
"2983",6
"2984",7
"2985",11
"2986",1
"2987",13
"2988",3
"2989",1
"2990",21
"2991",10
"2992",1
"2993",1
"2994",3
"2995",8
"2996",1
"2997",2
"2998",1
"2999",4
"3000",5
"3001",25
"3002",3
"3003",3
"3004",3
"3005",2
"3006",3
"3007",3
"3008",20
"3009",13
"3010",4
"3011",4
"3012",3
"3013",5
"3014",3
"3015",21
"3016",20
"3017",10
"3018",2
"3019",4
"3020",2
"3021",13
"3022",12
"3023",3
"3024",14
"3025",5
"3026",4
"3027",16
"3028",1
"3029",1
"3030",16
"3031",1
"3032",16
"3033",5
"3034",5
"3035",1
"3036",2
"3037",5
"3038",12
"3039",8
"3040",4
"3041",16
"3042",18
"3043",3
"3044",10
"3045",9
"3046",7
"3047",17
"3048",1
"3049",1
"3050",1
"3051",9
"3052",1
"3053",6
"3054",13
"3055",9
"3056",6
"3057",27
"3058",3
"3059",19
"3060",7
"3061",3
"3062",3
"3063",9
"3064",4
"3065",10
"3066",1
"3067",17
"3068",19
"3069",1
"3070",3
"3071",4
"3072",7
"3073",5
"3074",2
"3075",6
"3076",2
"3077",3
"3078",13
"3079",2
"3080",8
"3081",3
"3082",1
"3083",14
"3084",5
"3085",2
"3086",20
"3087",2
"3088",6
"3089",1
"3090",4
"3091",21
"3092",14
"3093",4
"3094",10
"3095",1
"3096",5
"3097",5
"3098",1
"3099",5
"3100",4
"3101",5
"3102",5
"3103",1
"3104",2
"3105",2
"3106",1
"3107",5
"3108",1
"3109",1
"3110",6
"3111",8
"3112",6
"3113",1
"3114",4
"3115",16
"3116",2
"3117",1
"3118",1
"3119",8
"3120",12
"3121",1
"3122",6
"3123",24
"3124",2
"3125",3
"3126",5
"3127",8
"3128",3
"3129",7
"3130",4
"3131",14
"3132",1
"3133",1
"3134",20
"3135",4
"3136",2
"3137",2
"3138",1
"3139",3
"3140",5
"3141",1
"3142",1
"3143",13
"3144",9
"3145",9
"3146",23
"3147",1
"3148",4
"3149",16
"3150",1
"3151",3
"3152",3
"3153",8
"3154",8
"3155",4
"3156",3
"3157",3
"3158",26
"3159",18
"3160",15
"3161",15
"3162",1
"3163",1
"3164",1
"3165",4
"3166",1
"3167",4
"3168",3
"3169",21
"3170",2
"3171",7
"3172",16
"3173",5
"3174",5
"3175",7
"3176",3
"3177",19
"3178",4
"3179",7
"3180",6
"3181",21
"3182",2
"3183",7
"3184",5
"3185",10
"3186",3
"3187",15
"3188",0
"3189",11
"3190",24
"3191",12
"3192",1
"3193",3
"3194",16
"3195",13
"3196",9
"3197",2
"3198",1
"3199",1
"3200",1
"3201",5
"3202",3
"3203",1
"3204",15
"3205",5
"3206",7
"3207",22
"3208",6
"3209",3
"3210",8
"3211",13
"3212",2
"3213",6
"3214",3
"3215",4
"3216",19
"3217",8
"3218",1
"3219",2
"3220",3
"3221",27
"3222",3
"3223",2
"3224",6
"3225",7
"3226",24
"3227",13
"3228",20
"3229",2
"3230",4
"3231",9
"3232",7
"3233",7
"3234",17
"3235",5
"3236",6
"3237",5
"3238",20
"3239",1
"3240",3
"3241",9
"3242",5
"3243",7
"3244",10
"3245",7
"3246",1
"3247",9
"3248",2
"3249",6
"3250",2
"3251",3
"3252",3
"3253",6
"3254",1
"3255",15
"3256",16
"3257",12
"3258",1
"3259",1
"3260",1
"3261",15
"3262",3
"3263",2
"3264",16
"3265",9
"3266",1
"3267",1
"3268",6
"3269",8
"3270",4
"3271",1
"3272",17
"3273",2
"3274",5
"3275",1
"3276",12
"3277",2
"3278",1
"3279",6
"3280",3
"3281",5
"3282",17
"3283",2
"3284",8
"3285",1
"3286",2
"3287",3
"3288",5
"3289",3
"3290",2
"3291",6
"3292",21
"3293",1
"3294",1
"3295",10
"3296",12
"3297",12
"3298",8
"3299",15
"3300",5
"3301",1
"3302",15
"3303",24
"3304",1
"3305",16
"3306",5
"3307",12
"3308",5
"3309",11
"3310",1
"3311",2
"3312",5
"3313",15
"3314",1
"3315",26
"3316",24
"3317",18
"3318",11
"3319",1
"3320",4
"3321",15
"3322",15
"3323",2
"3324",23
"3325",11
"3326",22
"3327",1
"3328",24
"3329",11
"3330",26
"3331",11
"3332",2
"3333",18
"3334",16
"3335",11
"3336",3
"3337",11
"3338",1
"3339",11
"3340",15
"3341",22
"3342",11
"3343",24
"3344",1
"3345",24
"3346",16
"3347",3
"3348",13
"3349",15
"3350",5
"3351",22
"3352",3
"3353",12
"3354",11
"3355",2
"3356",22
"3357",1
"3358",13
"3359",12
"3360",1
"3361",2
"3362",1
"3363",11
"3364",6
"3365",3
"3366",1
"3367",14
"3368",18
"3369",12
"3370",3
"3371",23
"3372",11
"3373",18
"3374",0
"3375",18
"3376",1
"3377",5
"3378",2
"3379",21
"3380",5
"3381",16
"3382",3
"3383",3
"3384",1
"3385",1
"3386",26
"3387",11
"3388",11
"3389",1
"3390",5
"3391",18
"3392",5
"3393",10
"3394",3
"3395",16
"3396",1
"3397",4
"3398",2
"3399",12
"3400",5
"3401",1
"3402",15
"3403",3
"3404",26
"3405",1
"3406",16
"3407",8
"3408",15
"3409",5
"3410",6
"3411",11
"3412",3
"3413",1
"3414",5
"3415",1
"3416",16
"3417",18
"3418",13
"3419",1
"3420",11
"3421",18
"3422",1
"3423",5
"3424",2
"3425",2
"3426",1
"3427",26
"3428",12
"3429",11
"3430",1
"3431",2
"3432",12
"3433",18
"3434",15
"3435",1
"3436",1
"3437",1
"3438",2
"3439",1
"3440",1
"3441",24
"3442",1
"3443",10
"3444",5
"3445",1
"3446",1
"3447",11
"3448",5
"3449",12
"3450",0
"3451",16
"3452",1
"3453",5
"3454",18
"3455",10
"3456",3
"3457",5
"3458",15
"3459",18
"3460",1
"3461",2
"3462",3
"3463",11
"3464",5
"3465",2
"3466",26
"3467",3
"3468",1
"3469",1
"3470",16
"3471",12
"3472",5
"3473",12
"3474",1
"3475",3
"3476",1
"3477",1
"3478",12
"3479",1
"3480",1
"3481",12
"3482",1
"3483",5
"3484",5
"3485",3
"3486",16
"3487",17
"3488",2
"3489",18
"3490",2
"3491",2
"3492",1
"3493",0
"3494",1
"3495",1
"3496",11
"3497",5
"3498",1
"3499",11
"3500",11
"3501",1
"3502",2
"3503",1
"3504",1
"3505",12
"3506",12
"3507",2
"3508",1
"3509",1
"3510",1
"3511",1
"3512",8
"3513",24
"3514",8
"3515",15
"3516",1
"3517",5
"3518",1
"3519",1
"3520",1
"3521",15
"3522",1
"3523",15
"3524",1
"3525",10
"3526",9
"3527",5
"3528",5
"3529",11
"3530",5
"3531",1
"3532",12
"3533",1
"3534",12
"3535",26
"3536",16
"3537",1
"3538",2
"3539",24
"3540",13
"3541",1
"3542",25
"3543",5
"3544",1
"3545",9
"3546",22
"3547",11
"3548",15
"3549",24
"3550",3
"3551",18
"3552",15
"3553",1
"3554",1
"3555",1
"3556",11
"3557",18
"3558",1
"3559",1
"3560",1
"3561",9
"3562",2
"3563",5
"3564",2
"3565",3
"3566",8
"3567",1
"3568",16
"3569",22
"3570",1
"3571",4
"3572",11
"3573",1
"3574",1
"3575",11
"3576",20
"3577",1
"3578",11
"3579",8
"3580",3
"3581",5
"3582",1
"3583",1
"3584",1
"3585",18
"3586",10
"3587",2
"3588",15
"3589",2
"3590",1
"3591",26
"3592",18
"3593",1
"3594",1
"3595",5
"3596",1
"3597",15
"3598",12
"3599",1
"3600",12
"3601",15
"3602",1
"3603",27
"3604",11
"3605",1
"3606",12
"3607",11
"3608",5
"3609",1
"3610",1
"3611",22
"3612",16
"3613",2
"3614",1
"3615",20
"3616",22
"3617",1
"3618",18
"3619",1
"3620",18
"3621",11
"3622",12
"3623",1
"3624",12
"3625",12
"3626",1
"3627",1
"3628",2
"3629",1
"3630",11
"3631",5
"3632",4
"3633",1
"3634",3
"3635",12
"3636",1
"3637",18
"3638",1
"3639",15
"3640",1
"3641",11
"3642",11
"3643",6
"3644",1
"3645",5
"3646",15
"3647",2
"3648",12
"3649",15
"3650",2
"3651",12
"3652",1
"3653",11
"3654",2
"3655",3
"3656",1
"3657",4
"3658",1
"3659",1
"3660",3
"3661",22
"3662",3
"3663",5
"3664",4
"3665",12
"3666",15
"3667",16
"3668",11
"3669",15
"3670",1
"3671",1
"3672",2
"3673",22
"3674",16
"3675",8
"3676",12
"3677",2
"3678",15
"3679",11
"3680",1
"3681",11
"3682",24
"3683",1
"3684",2
"3685",22
"3686",2
"3687",12
"3688",12
"3689",18
"3690",12
"3691",3
"3692",5
"3693",11
"3694",11
"3695",1
"3696",2
"3697",12
"3698",5
"3699",1
"3700",12
"3701",22
"3702",11
"3703",5
"3704",1
"3705",3
"3706",3
"3707",18
"3708",7
"3709",15
"3710",11
"3711",1
"3712",11
"3713",11
"3714",1
"3715",1
"3716",12
"3717",4
"3718",12
"3719",12
"3720",11
"3721",16
"3722",1
"3723",18
"3724",2
"3725",1
"3726",1
"3727",1
"3728",1
"3729",8
"3730",11
"3731",7
"3732",2
"3733",2
"3734",1
"3735",12
"3736",22
"3737",1
"3738",4
"3739",11
"3740",11
"3741",1
"3742",11
"3743",1
"3744",12
"3745",25
"3746",9
"3747",19
"3748",22
"3749",21
"3750",2
"3751",3
"3752",3
"3753",21
"3754",12
"3755",1
"3756",9
"3757",11
"3758",1
"3759",1
"3760",1
"3761",1
"3762",1
"3763",1
"3764",12
"3765",8
"3766",2
"3767",1
"3768",2
"3769",1
"3770",2
"3771",2
"3772",26
"3773",17
"3774",2
"3775",1
"3776",1
"3777",2
"3778",5
"3779",1
"3780",1
"3781",1
"3782",16
"3783",18
"3784",11
"3785",16
"3786",3
"3787",11
"3788",24
"3789",22
"3790",24
"3791",12
"3792",1
"3793",11
"3794",24
"3795",11
"3796",16
"3797",18
"3798",18
"3799",12
"3800",26
"3801",18
"3802",11
"3803",1
"3804",22
"3805",2
"3806",5
"3807",5
"3808",1
"3809",15
"3810",1
"3811",11
"3812",18
"3813",0
"3814",1
"3815",2
"3816",1
"3817",1
"3818",1
"3819",1
"3820",11
"3821",18
"3822",11
"3823",15
"3824",1
"3825",17
"3826",11
"3827",1
"3828",1
"3829",1
"3830",1
"3831",2
"3832",18
"3833",12
"3834",15
"3835",3
"3836",1
"3837",18
"3838",16
"3839",12
"3840",1
"3841",1
"3842",5
"3843",18
"3844",11
"3845",0
"3846",5
"3847",8
"3848",1
"3849",1
"3850",26
"3851",0
"3852",15
"3853",4
"3854",5
"3855",2
"3856",12
"3857",1
"3858",1
"3859",1
"3860",1
"3861",3
"3862",1
"3863",1
"3864",1
"3865",6
"3866",1
"3867",3
"3868",4
"3869",12
"3870",0
"3871",18
"3872",1
"3873",18
"3874",24
"3875",16
"3876",22
"3877",16
"3878",11
"3879",3
"3880",2
"3881",1
"3882",1
"3883",11
"3884",11
"3885",1
"3886",18
"3887",22
"3888",1
"3889",1
"3890",1
"3891",24
"3892",5
"3893",15
"3894",15
"3895",1
"3896",1
"3897",1
"3898",1
"3899",1
"3900",17
"3901",1
"3902",11
"3903",12
"3904",22
"3905",1
"3906",2
"3907",2
"3908",1
"3909",2
"3910",15
"3911",22
"3912",18
"3913",12
"3914",15
"3915",18
"3916",10
"3917",2
"3918",2
"3919",5
"3920",18
"3921",5
"3922",15
"3923",15
"3924",18
"3925",2
"3926",6
"3927",2
"3928",22
"3929",12
"3930",11
"3931",5
"3932",1
"3933",5
"3934",11
"3935",1
"3936",18
"3937",11
"3938",2
"3939",9
"3940",1
"3941",26
"3942",18
"3943",16
"3944",2
"3945",15
"3946",1
"3947",18
"3948",24
"3949",26
"3950",4
"3951",18
"3952",11
"3953",15
"3954",11
"3955",3
"3956",15
"3957",5
"3958",3
"3959",11
"3960",1
"3961",11
"3962",18
"3963",1
"3964",2
"3965",15
"3966",1
"3967",18
"3968",11
"3969",18
"3970",1
"3971",12
"3972",1
"3973",24
"3974",11
"3975",15
"3976",1
"3977",1
"3978",11
"3979",5
"3980",5
"3981",1
"3982",9
"3983",11
"3984",18
"3985",18
"3986",12
"3987",18
"3988",0
"3989",1
"3990",15
"3991",22
"3992",16
"3993",2
"3994",11
"3995",22
"3996",25
"3997",18
"3998",12
"3999",0
"4000",11
"4001",26
"4002",15
"4003",1
"4004",11
"4005",16
"4006",11
"4007",11
"4008",18
"4009",11
"4010",15
"4011",11
"4012",12
"4013",11
"4014",1
"4015",2
"4016",11
"4017",11
"4018",16
"4019",22
"4020",15
"4021",16
"4022",22
"4023",15
"4024",11
"4025",1
"4026",11
"4027",26
"4028",11
"4029",15
"4030",1
"4031",12
"4032",1
"4033",5
"4034",1
"4035",13
"4036",22
"4037",3
"4038",15
"4039",1
"4040",12
"4041",1
"4042",5
"4043",1
"4044",8
"4045",1
"4046",5
"4047",11
"4048",11
"4049",17
"4050",24
"4051",1
"4052",1
"4053",12
"4054",15
"4055",1
"4056",15
"4057",1
"4058",6
"4059",16
"4060",1
"4061",11
"4062",24
"4063",1
"4064",18
"4065",15
"4066",1
"4067",18
"4068",9
"4069",1
"4070",12
"4071",24
"4072",2
"4073",15
"4074",3
"4075",1
"4076",1
"4077",2
"4078",1
"4079",22
"4080",4
"4081",1
"4082",15
"4083",18
"4084",11
"4085",9
"4086",1
"4087",12
"4088",11
"4089",18
"4090",1
"4091",2
"4092",12
"4093",15
"4094",1
"4095",26
"4096",3
"4097",12
"4098",18
"4099",11
"4100",24
"4101",11
"4102",15
"4103",2
"4104",8
"4105",13
"4106",1
"4107",15
"4108",12
"4109",5
"4110",16
"4111",2
"4112",1
"4113",3
"4114",1
"4115",2
"4116",1
"4117",2
"4118",2
"4119",1
"4120",5
"4121",12
"4122",5
"4123",9
"4124",15
"4125",2
"4126",11
"4127",15
"4128",18
"4129",12
"4130",22
"4131",2
"4132",1
"4133",15
"4134",1
"4135",1
"4136",2
"4137",1
"4138",22
"4139",11
"4140",1
"4141",1
"4142",22
"4143",11
"4144",18
"4145",1
"4146",2
"4147",1
"4148",1
"4149",26
"4150",12
"4151",22
"4152",26
"4153",16
"4154",12
"4155",11
"4156",18
"4157",1
"4158",16
"4159",15
"4160",1
"4161",4
"4162",1
"4163",12
"4164",11
"4165",1
"4166",11
"4167",1
"4168",5
"4169",3
"4170",1
"4171",15
"4172",18
"4173",22
"4174",8
"4175",1
"4176",5
"4177",15
"4178",15
"4179",2
"4180",1
"4181",1
"4182",1
"4183",2
"4184",1
"4185",1
"4186",1
"4187",1
"4188",24
"4189",1
"4190",5
"4191",11
"4192",22
"4193",1
"4194",2
"4195",12
"4196",1
"4197",2
"4198",5
"4199",12
"4200",11
"4201",2
"4202",1
"4203",3
"4204",2
"4205",11
"4206",12
"4207",22
"4208",11
"4209",11
"4210",5
"4211",2
"4212",1
"4213",1
"4214",24
"4215",1
"4216",2
"4217",22
"4218",15
"4219",11
"4220",26
"4221",12
"4222",0
"4223",1
"4224",1
"4225",11
"4226",5
"4227",12
"4228",12
"4229",15
"4230",11
"4231",18
"4232",22
"4233",1
"4234",22
"4235",11
"4236",6
"4237",26
"4238",4
"4239",5
"4240",5
"4241",11
"4242",18
"4243",22
"4244",26
"4245",18
"4246",11
"4247",22
"4248",24
"4249",11
"4250",11
"4251",3
"4252",11
"4253",11
"4254",2
"4255",0
"4256",11
"4257",1
"4258",7
"4259",18
"4260",1
"4261",5
"4262",22
"4263",12
"4264",11
"4265",10
"4266",5
"4267",3
"4268",26
"4269",5
"4270",1
"4271",3
"4272",11
"4273",6
"4274",1
"4275",3
"4276",12
"4277",12
"4278",11
"4279",11
"4280",17
"4281",5
"4282",3
"4283",22
"4284",1
"4285",18
"4286",1
"4287",11
"4288",1
"4289",3
"4290",27
"4291",2
"4292",12
"4293",11
"4294",16
"4295",6
"4296",3
"4297",12
"4298",11
"4299",11
"4300",22
"4301",11
"4302",4
"4303",22
"4304",22
"4305",13
"4306",11
"4307",12
"4308",18
"4309",11
"4310",6
"4311",1
"4312",1
"4313",11
"4314",12
"4315",1
"4316",12
"4317",1
"4318",12
"4319",12
"4320",24
"4321",6
"4322",11
"4323",15
"4324",3
"4325",8
"4326",11
"4327",11
"4328",5
"4329",1
"4330",1
"4331",11
"4332",11
"4333",12
"4334",5
"4335",11
"4336",11
"4337",11
"4338",11
"4339",1
"4340",0
"4341",11
"4342",12
"4343",15
"4344",22
"4345",24
"4346",16
"4347",22
"4348",11
"4349",18
"4350",2
"4351",11
"4352",16
"4353",1
"4354",11
"4355",18
"4356",3
"4357",1
"4358",18
"4359",3
"4360",11
"4361",5
"4362",2
"4363",1
"4364",12
"4365",1
"4366",16
"4367",20
"4368",5
"4369",11
"4370",1
"4371",12
"4372",2
"4373",4
"4374",1
"4375",1
"4376",18
"4377",1
"4378",12
"4379",11
"4380",12
"4381",22
"4382",22
"4383",0
"4384",1
"4385",2
"4386",11
"4387",8
"4388",7
"4389",18
"4390",18
"4391",22
"4392",2
"4393",26
"4394",12
"4395",11
"4396",6
"4397",18
"4398",11
"4399",18
"4400",12
"4401",18
"4402",18
"4403",21
"4404",1
"4405",18
"4406",11
"4407",11
"4408",12
"4409",11
"4410",2
"4411",18
"4412",18
"4413",18
"4414",1
"4415",11
"4416",12
"4417",2
"4418",24
"4419",3
"4420",3
"4421",11
"4422",12
"4423",26
"4424",11
"4425",11
"4426",18
"4427",11
"4428",11
"4429",18
"4430",11
"4431",16
"4432",11
"4433",26
"4434",15
"4435",11
"4436",1
"4437",11
"4438",24
"4439",3
"4440",8
"4441",26
"4442",11
"4443",16
"4444",4
"4445",24
"4446",26
"4447",11
"4448",19
"4449",16
"4450",5
"4451",24
"4452",11
"4453",26
"4454",18
"4455",5
"4456",22
"4457",11
"4458",6
"4459",18
"4460",12
"4461",11
"4462",11
"4463",11
"4464",11
"4465",22
"4466",6
"4467",3
"4468",18
"4469",11
"4470",0
"4471",12
"4472",1
"4473",22
"4474",2
"4475",2
"4476",1
"4477",11
"4478",1
"4479",18
"4480",3
"4481",0
"4482",11
"4483",11
"4484",11
"4485",18
"4486",11
"4487",11
"4488",11
"4489",16
"4490",18
"4491",1
"4492",12
"4493",3
"4494",11
"4495",3
"4496",18
"4497",11
"4498",1
"4499",18
"4500",1
"4501",18
"4502",1
"4503",1
"4504",22
"4505",11
"4506",11
"4507",1
"4508",0
"4509",12
"4510",2
"4511",3
"4512",4
"4513",25
"4514",2
"4515",12
"4516",16
"4517",1
"4518",1
"4519",11
"4520",1
"4521",2
"4522",2
"4523",6
"4524",1
"4525",6
"4526",14
"4527",8
"4528",14
"4529",14
"4530",19
"4531",5
"4532",16
"4533",8
"4534",9
"4535",1
"4536",4
"4537",2
"4538",1
"4539",1
"4540",5
"4541",10
"4542",1
"4543",1
"4544",1
"4545",0
"4546",1
"4547",3
"4548",1
"4549",11
"4550",15
"4551",4
"4552",8
"4553",1
"4554",2
"4555",12
"4556",3
"4557",1
"4558",13
"4559",2
"4560",25
"4561",3
"4562",9
"4563",19
"4564",4
"4565",4
"4566",7
"4567",14
"4568",1
"4569",10
"4570",1
"4571",13
"4572",3
"4573",2
"4574",3
"4575",4
"4576",5
"4577",2
"4578",3
"4579",3
"4580",3
"4581",8
"4582",10
"4583",2
"4584",2
"4585",14
"4586",27
"4587",10
"4588",7
"4589",5
"4590",1
"4591",4
"4592",3
"4593",7
"4594",2
"4595",6
"4596",6
"4597",3
"4598",1
"4599",2
"4600",6
"4601",1
"4602",7
"4603",18
"4604",6
"4605",5
"4606",5
"4607",1
"4608",6
"4609",1
"4610",20
"4611",10
"4612",5
"4613",3
"4614",3
"4615",3
"4616",2
"4617",14
"4618",17
"4619",10
"4620",1
"4621",8
"4622",20
"4623",4
"4624",4
"4625",4
"4626",8
"4627",24
"4628",4
"4629",25
"4630",5
"4631",4
"4632",2
"4633",2
"4634",9
"4635",2
"4636",1
"4637",1
"4638",1
"4639",7
"4640",9
"4641",10
"4642",2
"4643",20
"4644",14
"4645",2
"4646",4
"4647",1
"4648",1
"4649",2
"4650",14
"4651",3
"4652",12
"4653",4
"4654",2
"4655",3
"4656",8
"4657",9
"4658",4
"4659",3
"4660",20
"4661",2
"4662",6
"4663",17
"4664",3
"4665",1
"4666",4
"4667",2
"4668",3
"4669",6
"4670",7
"4671",3
"4672",9
"4673",3
"4674",1
"4675",20
"4676",3
"4677",5
"4678",6
"4679",2
"4680",3
"4681",3
"4682",1
"4683",1
"4684",1
"4685",16
"4686",10
"4687",21
"4688",4
"4689",8
"4690",6
"4691",6
"4692",4
"4693",5
"4694",13
"4695",15
"4696",5
"4697",3
"4698",1
"4699",1
"4700",7
"4701",6
"4702",1
"4703",7
"4704",10
"4705",7
"4706",6
"4707",1
"4708",12
"4709",1
"4710",3
"4711",4
"4712",15
"4713",3
"4714",14
"4715",3
"4716",2
"4717",18
"4718",1
"4719",21
"4720",8
"4721",1
"4722",17
"4723",6
"4724",4
"4725",13
"4726",25
"4727",12
"4728",5
"4729",9
"4730",1
"4731",8
"4732",7
"4733",6
"4734",2
"4735",2
"4736",1
"4737",20
"4738",7
"4739",5
"4740",14
"4741",1
"4742",1
"4743",13
"4744",1
"4745",3
"4746",2
"4747",14
"4748",12
"4749",2
"4750",5
"4751",7
"4752",4
"4753",3
"4754",7
"4755",6
"4756",4
"4757",1
"4758",7
"4759",5
"4760",1
"4761",4
"4762",19
"4763",2
"4764",2
"4765",3
"4766",2
"4767",2
"4768",1
"4769",3
"4770",2
"4771",1
"4772",2
"4773",8
"4774",9
"4775",5
"4776",1
"4777",3
"4778",9
"4779",9
"4780",8
"4781",8
"4782",13
"4783",3
"4784",24
"4785",1
"4786",24
"4787",12
"4788",14
"4789",1
"4790",1
"4791",8
"4792",1
"4793",3
"4794",1
"4795",2
"4796",13
"4797",2
"4798",3
"4799",2
"4800",5
"4801",8
"4802",1
"4803",6
"4804",24
"4805",17
"4806",10
"4807",10
"4808",3
"4809",6
"4810",1
"4811",7
"4812",3
"4813",8
"4814",1
"4815",2
"4816",21
"4817",17
"4818",5
"4819",2
"4820",5
"4821",4
"4822",4
"4823",3
"4824",19
"4825",4
"4826",10
"4827",24
"4828",12
"4829",11
"4830",6
"4831",18
"4832",11
"4833",3
"4834",12
"4835",12
"4836",1
"4837",1
"4838",5
"4839",1
"4840",4
"4841",7
"4842",2
"4843",5
"4844",1
"4845",2
"4846",2
"4847",4
"4848",3
"4849",27
"4850",1
"4851",3
"4852",2
"4853",1
"4854",7
"4855",1
"4856",9
"4857",2
"4858",6
"4859",3
"4860",10
"4861",11
"4862",11
"4863",6
"4864",1
"4865",6
"4866",1
"4867",1
"4868",3
"4869",8
"4870",8
"4871",14
"4872",20
"4873",6
"4874",3
"4875",25
"4876",1
"4877",3
"4878",25
"4879",4
"4880",2
"4881",1
"4882",20
"4883",1
"4884",2
"4885",6
"4886",6
"4887",2
"4888",5
"4889",1
"4890",3
"4891",3
"4892",3
"4893",2
"4894",4
"4895",17
"4896",5
"4897",2
"4898",7
"4899",2
"4900",9
"4901",2
"4902",10
"4903",1
"4904",2
"4905",3
"4906",1
"4907",4
"4908",8
"4909",21
"4910",12
"4911",3
"4912",5
"4913",14
"4914",1
"4915",2
"4916",3
"4917",3
"4918",6
"4919",7
"4920",4
"4921",15
"4922",1
"4923",12
"4924",4
"4925",1
"4926",1
"4927",2
"4928",2
"4929",3
"4930",3
"4931",10
"4932",1
"4933",26
"4934",1
"4935",9
"4936",1
"4937",5
"4938",8
"4939",12
"4940",16
"4941",1
"4942",1
"4943",13
"4944",1
"4945",5
"4946",5
"4947",1
"4948",1
"4949",8
"4950",1
"4951",5
"4952",1
"4953",2
"4954",2
"4955",2
"4956",2
"4957",1
"4958",3
"4959",1
"4960",4
"4961",2
"4962",10
"4963",10
"4964",2
"4965",1
"4966",3
"4967",1
"4968",1
"4969",3
"4970",7
"4971",9
"4972",2
"4973",2
"4974",2
"4975",3
"4976",5
"4977",1
"4978",2
"4979",5
"4980",1
"4981",4
"4982",3
"4983",2
"4984",3
"4985",2
"4986",8
"4987",1
"4988",14
"4989",15
"4990",7
"4991",1
"4992",3
"4993",9
"4994",8
"4995",17
"4996",3
"4997",2
"4998",3
"4999",7
"5000",8
"5001",3
"5002",1
"5003",14
"5004",18
"5005",3
"5006",1
"5007",3
"5008",6
"5009",6
"5010",9
"5011",4
"5012",13
"5013",2
"5014",3
"5015",20
"5016",4
"5017",20
"5018",9
"5019",8
"5020",1
"5021",2
"5022",2
"5023",3
"5024",1
"5025",1
"5026",4
"5027",3
"5028",6
"5029",9
"5030",20
"5031",3
"5032",4
"5033",1
"5034",9
"5035",15
"5036",2
"5037",8
"5038",17
"5039",7
"5040",1
"5041",4
"5042",1
"5043",7
"5044",2
"5045",8
"5046",1
"5047",1
"5048",5
"5049",1
"5050",5
"5051",5
"5052",3
"5053",5
"5054",6
"5055",2
"5056",3
"5057",1
"5058",1
"5059",6
"5060",19
"5061",12
"5062",1
"5063",15
"5064",3
"5065",3
"5066",7
"5067",6
"5068",16
"5069",2
"5070",2
"5071",1
"5072",1
"5073",3
"5074",2
"5075",15
"5076",3
"5077",1
"5078",15
"5079",25
"5080",3
"5081",5
"5082",4
"5083",12
"5084",5
"5085",4
"5086",10
"5087",4
"5088",4
"5089",22
"5090",4
"5091",25
"5092",8
"5093",20
"5094",10
"5095",5
"5096",7
"5097",2
"5098",5
"5099",1
"5100",10
"5101",7
"5102",2
"5103",1
"5104",1
"5105",3
"5106",5
"5107",2
"5108",17
"5109",14
"5110",2
"5111",1
"5112",1
"5113",3
"5114",16
"5115",3
"5116",5
"5117",3
"5118",5
"5119",6
"5120",7
"5121",10
"5122",5
"5123",5
"5124",3
"5125",6
"5126",14
"5127",6
"5128",3
"5129",3
"5130",1
"5131",1
"5132",25
"5133",1
"5134",17
"5135",14
"5136",17
"5137",5
"5138",4
"5139",7
"5140",14
"5141",16
"5142",3
"5143",13
"5144",1
"5145",1
"5146",1
"5147",2
"5148",4
"5149",7
"5150",11
"5151",6
"5152",22
"5153",8
"5154",6
"5155",4
"5156",2
"5157",3
"5158",6
"5159",8
"5160",4
"5161",4
"5162",3
"5163",4
"5164",4
"5165",6
"5166",4
"5167",5
"5168",6
"5169",1
"5170",3
"5171",17
"5172",1
"5173",3
"5174",21
"5175",2
"5176",15
"5177",3
"5178",3
"5179",1
"5180",2
"5181",1
"5182",5
"5183",2
"5184",6
"5185",2
"5186",2
"5187",2
"5188",2
"5189",1
"5190",1
"5191",10
"5192",4
"5193",3
"5194",1
"5195",2
"5196",3
"5197",9
"5198",10
"5199",6
"5200",9
"5201",3
"5202",13
"5203",5
"5204",5
"5205",3
"5206",1
"5207",1
"5208",13
"5209",2
"5210",4
"5211",4
"5212",2
"5213",3
"5214",21
"5215",3
"5216",9
"5217",16
"5218",3
"5219",2
"5220",11
"5221",2
"5222",5
"5223",2
"5224",4
"5225",6
"5226",3
"5227",4
"5228",3
"5229",4
"5230",4
"5231",3
"5232",4
"5233",3
"5234",2
"5235",5
"5236",6
"5237",1
"5238",2
"5239",4
"5240",8
"5241",4
"5242",8
"5243",20
"5244",3
"5245",9
"5246",3
"5247",1
"5248",5
"5249",8
"5250",1
"5251",1
"5252",2
"5253",3
"5254",7
"5255",2
"5256",10
"5257",4
"5258",3
"5259",5
"5260",4
"5261",5
"5262",3
"5263",13
"5264",5
"5265",3
"5266",3
"5267",1
"5268",21
"5269",4
"5270",1
"5271",13
"5272",5
"5273",6
"5274",5
"5275",1
"5276",5
"5277",17
"5278",5
"5279",15
"5280",1
"5281",14
"5282",3
"5283",1
"5284",1
"5285",5
"5286",6
"5287",9
"5288",3
"5289",2
"5290",1
"5291",1
"5292",1
"5293",5
"5294",9
"5295",6
"5296",2
"5297",3
"5298",10
"5299",13
"5300",2
"5301",2
"5302",2
"5303",3
"5304",7
"5305",5
"5306",16
"5307",3
"5308",12
"5309",1
"5310",10
"5311",22
"5312",1
"5313",12
"5314",12
"5315",10
"5316",3
"5317",4
"5318",5
"5319",1
"5320",12
"5321",3
"5322",5
"5323",18
"5324",10
"5325",5
"5326",2
"5327",3
"5328",1
"5329",1
"5330",4
"5331",4
"5332",4
"5333",2
"5334",1
"5335",10
"5336",4
"5337",9
"5338",9
"5339",1
"5340",7
"5341",4
"5342",3
"5343",4
"5344",1
"5345",9
"5346",3
"5347",8
"5348",6
"5349",2
"5350",20
"5351",7
"5352",3
"5353",2
"5354",13
"5355",17
"5356",4
"5357",23
"5358",2
"5359",1
"5360",1
"5361",1
"5362",6
"5363",1
"5364",2
"5365",16
"5366",12
"5367",2
"5368",7
"5369",1
"5370",2
"5371",23
"5372",1
"5373",2
"5374",1
"5375",5
"5376",3
"5377",1
"5378",13
"5379",1
"5380",7
"5381",13
"5382",1
"5383",3
"5384",3
"5385",1
"5386",27
"5387",1
"5388",3
"5389",10
"5390",1
"5391",4
"5392",2
"5393",4
"5394",5
"5395",4
"5396",14
"5397",17
"5398",13
"5399",2
"5400",6
"5401",10
"5402",3
"5403",7
"5404",14
"5405",3
"5406",2
"5407",6
"5408",1
"5409",23
"5410",1
"5411",3
"5412",2
"5413",3
"5414",10
"5415",2
"5416",5
"5417",10
"5418",1
"5419",2
"5420",2
"5421",3
"5422",2
"5423",12
"5424",23
"5425",18
"5426",22
"5427",6
"5428",8
"5429",9
"5430",14
"5431",21
"5432",8
"5433",25
"5434",19
"5435",3
"5436",9
"5437",16
"5438",1
"5439",8
"5440",4
"5441",5
"5442",11
"5443",12
"5444",1
"5445",11
"5446",22
"5447",18
"5448",15
"5449",11
"5450",18
"5451",22
"5452",22
"5453",11
"5454",11
"5455",11
"5456",11
"5457",11
"5458",11
"5459",11
"5460",18
"5461",1
"5462",0
"5463",11
"5464",24
"5465",11
"5466",11
"5467",11
"5468",26
"5469",11
"5470",11
"5471",11
"5472",26
"5473",11
"5474",11
"5475",11
"5476",11
"5477",3
"5478",4
"5479",4
"5480",8
"5481",3
"5482",6
"5483",13
"5484",1
"5485",9
"5486",3
"5487",1
"5488",2
"5489",3
"5490",4
"5491",5
"5492",3
"5493",3
"5494",8
"5495",7
"5496",3
"5497",12
"5498",1
"5499",8
"5500",4
"5501",3
"5502",3
"5503",1
"5504",7
"5505",2
"5506",3
"5507",17
"5508",2
"5509",4
"5510",16
"5511",5
"5512",5
"5513",25
"5514",1
"5515",10
"5516",5
"5517",1
"5518",1
"5519",6
"5520",8
"5521",7
"5522",5
"5523",6
"5524",20
"5525",2
"5526",3
"5527",1
"5528",18
"5529",6
"5530",23
"5531",27
"5532",10
"5533",4
"5534",22
"5535",12
"5536",22
"5537",22
"5538",22
"5539",15
"5540",7
"5541",4
"5542",23
"5543",5
"5544",5
"5545",21
"5546",1
"5547",8
"5548",3
"5549",2
"5550",1
"5551",1
"5552",2
"5553",19
"5554",8
"5555",4
"5556",8
"5557",1
"5558",8
"5559",4
"5560",2
"5561",5
"5562",23
"5563",9
"5564",15
"5565",2
"5566",5
"5567",1
"5568",2
"5569",9
"5570",10
"5571",9
"5572",9
"5573",10
"5574",10
"5575",3
"5576",1
"5577",4
"5578",10
"5579",10
"5580",8
"5581",16
"5582",8
"5583",5
"5584",6
"5585",2
"5586",1
"5587",3
"5588",4
"5589",1
"5590",1
"5591",4
"5592",14
"5593",1
"5594",1
"5595",8
"5596",6
"5597",17
"5598",17
"5599",1
"5600",23
"5601",10
"5602",19
"5603",8
"5604",2
"5605",5
"5606",10
"5607",4
"5608",21
"5609",6
"5610",7
"5611",9
"5612",19
"5613",1
"5614",1
"5615",1
"5616",11
"5617",8
"5618",2
"5619",3
"5620",3
"5621",7
"5622",1
"5623",1
"5624",3
"5625",1
"5626",4
"5627",3
"5628",3
"5629",4
"5630",2
"5631",6
"5632",2
"5633",12
"5634",1
"5635",19
"5636",1
"5637",3
"5638",1
"5639",8
"5640",20
"5641",1
"5642",1
"5643",14
"5644",1
"5645",4
"5646",7
"5647",1
"5648",3
"5649",8
"5650",2
"5651",3
"5652",10
"5653",13
"5654",4
"5655",9
"5656",4
"5657",14
"5658",5
"5659",2
"5660",15
"5661",17
"5662",8
"5663",5
"5664",9
"5665",7
"5666",12
"5667",2
"5668",7
"5669",1
"5670",2
"5671",1
"5672",1
"5673",9
"5674",1
"5675",8
"5676",14
"5677",2
"5678",13
"5679",2
"5680",10
"5681",5
"5682",5
"5683",2
"5684",2
"5685",20
"5686",6
"5687",3
"5688",3
"5689",3
"5690",2
"5691",2
"5692",5
"5693",1
"5694",1
"5695",2
"5696",2
"5697",1
"5698",9
"5699",1
"5700",2
"5701",9
"5702",8
"5703",1
"5704",6
"5705",6
"5706",3
"5707",9
"5708",20
"5709",3
"5710",2
"5711",2
"5712",4
"5713",4
"5714",10
"5715",3
"5716",14
"5717",13
"5718",4
"5719",19
"5720",19
"5721",4
"5722",6
"5723",14
"5724",13
"5725",4
"5726",14
"5727",2
"5728",1
"5729",1
"5730",1
"5731",24
"5732",9
"5733",9
"5734",5
"5735",3
"5736",8
"5737",1
"5738",3
"5739",3
"5740",27
"5741",8
"5742",5
"5743",5
"5744",1
"5745",7
"5746",1
"5747",8
"5748",7
"5749",2
"5750",3
"5751",9
"5752",14
"5753",3
"5754",2
"5755",2
"5756",2
"5757",1
"5758",10
"5759",1
"5760",10
"5761",17
"5762",1
"5763",16
"5764",25
"5765",4
"5766",25
"5767",6
"5768",3
"5769",4
"5770",1
"5771",9
"5772",6
"5773",1
"5774",10
"5775",2
"5776",2
"5777",5
"5778",22
"5779",4
"5780",3
"5781",3
"5782",4
"5783",1
"5784",5
"5785",1
"5786",3
"5787",6
"5788",21
"5789",9
"5790",13
"5791",16
"5792",12
"5793",4
"5794",1
"5795",1
"5796",3
"5797",5
"5798",3
"5799",10
"5800",1
"5801",7
"5802",1
"5803",3
"5804",12
"5805",17
"5806",13
"5807",9
"5808",7
"5809",8
"5810",1
"5811",2
"5812",1
"5813",5
"5814",13
"5815",4
"5816",2
"5817",5
"5818",2
"5819",6
"5820",7
"5821",2
"5822",1
"5823",1
"5824",3
"5825",2
"5826",7
"5827",1
"5828",1
"5829",3
"5830",18
"5831",1
"5832",3
"5833",3
"5834",8
"5835",3
"5836",5
"5837",10
"5838",1
"5839",3
"5840",14
"5841",2
"5842",1
"5843",3
"5844",12
"5845",1
"5846",3
"5847",1
"5848",1
"5849",2
"5850",2
"5851",13
"5852",3
"5853",4
"5854",1
"5855",5
"5856",5
"5857",7
"5858",1
"5859",1
"5860",22
"5861",11
"5862",23
"5863",2
"5864",1
"5865",3
"5866",1
"5867",2
"5868",1
"5869",10
"5870",1
"5871",23
"5872",1
"5873",9
"5874",1
"5875",2
"5876",2
"5877",2
"5878",4
"5879",14
"5880",5
"5881",2
"5882",1
"5883",5
"5884",2
"5885",3
"5886",1
"5887",1
"5888",2
"5889",4
"5890",4
"5891",21
"5892",1
"5893",2
"5894",2
"5895",3
"5896",5
"5897",6
"5898",10
"5899",2
"5900",6
"5901",5
"5902",1
"5903",2
"5904",2
"5905",9
"5906",1
"5907",2
"5908",3
"5909",1
"5910",3
"5911",2
"5912",1
"5913",5
"5914",1
"5915",1
"5916",5
"5917",5
"5918",0
"5919",19
"5920",3
"5921",9
"5922",2
"5923",18
"5924",1
"5925",8
"5926",1
"5927",2
"5928",3
"5929",1
"5930",4
"5931",5
"5932",13
"5933",1
"5934",13
"5935",0
"5936",14
"5937",7
"5938",2
"5939",6
"5940",3
"5941",3
"5942",4
"5943",4
"5944",4
"5945",21
"5946",4
"5947",4
"5948",1
"5949",6
"5950",13
"5951",8
"5952",9
"5953",5
"5954",7
"5955",7
"5956",6
"5957",2
"5958",4
"5959",1
"5960",1
"5961",8
"5962",6
"5963",5
"5964",2
"5965",3
"5966",14
"5967",1
"5968",2
"5969",1
"5970",2
"5971",6
"5972",2
"5973",23
"5974",17
"5975",3
"5976",13
"5977",4
"5978",4
"5979",21
"5980",6
"5981",2
"5982",20
"5983",19
"5984",10
"5985",4
"5986",19
"5987",5
"5988",9
"5989",10
"5990",4
"5991",23
"5992",2
"5993",7
"5994",2
"5995",2
"5996",4
"5997",1
"5998",3
"5999",4
"6000",6
"6001",2
"6002",3
"6003",10
"6004",3
"6005",2
"6006",17
"6007",2
"6008",2
"6009",12
"6010",5
"6011",9
"6012",13
"6013",15
"6014",3
"6015",5
"6016",1
"6017",6
"6018",0
"6019",2
"6020",10
"6021",2
"6022",1
"6023",4
"6024",16
"6025",1
"6026",7
"6027",2
"6028",4
"6029",3
"6030",6
"6031",1
"6032",7
"6033",5
"6034",1
"6035",8
"6036",3
"6037",8
"6038",1
"6039",8
"6040",10
"6041",1
"6042",3
"6043",4
"6044",1
"6045",8
"6046",3
"6047",2
"6048",14
"6049",5
"6050",8
"6051",14
"6052",2
"6053",1
"6054",12
"6055",2
"6056",12
"6057",8
"6058",5
"6059",11
"6060",15
"6061",8
"6062",7
"6063",2
"6064",4
"6065",7
"6066",4
"6067",2
"6068",4
"6069",7
"6070",3
"6071",6
"6072",5
"6073",3
"6074",6
"6075",13
"6076",7
"6077",12
"6078",24
"6079",2
"6080",1
"6081",5
"6082",24
"6083",2
"6084",3
"6085",23
"6086",1
"6087",12
"6088",3
"6089",3
"6090",1
"6091",3
"6092",27
"6093",5
"6094",6
"6095",5
"6096",3
"6097",2
"6098",7
"6099",9
"6100",7
"6101",6
"6102",8
"6103",5
"6104",10
"6105",2
"6106",6
"6107",1
"6108",10
"6109",10
"6110",6
"6111",7
"6112",4
"6113",3
"6114",3
"6115",3
"6116",10
"6117",9
"6118",6
"6119",5
"6120",4
"6121",9
"6122",3
"6123",3
"6124",6
"6125",19
"6126",23
"6127",5
"6128",17
"6129",2
"6130",1
"6131",3
"6132",4
"6133",2
"6134",6
"6135",7
"6136",24
"6137",1
"6138",2
"6139",3
"6140",7
"6141",1
"6142",5
"6143",1
"6144",6
"6145",4
"6146",7
"6147",21
"6148",8
"6149",2
"6150",12
"6151",2
"6152",14
"6153",23
"6154",2
"6155",1
"6156",3
"6157",16
"6158",16
"6159",3
"6160",1
"6161",3
"6162",17
"6163",19
"6164",4
"6165",1
"6166",4
"6167",3
"6168",1
"6169",10
"6170",1
"6171",5
"6172",1
"6173",23
"6174",3
"6175",2
"6176",2
"6177",1
"6178",3
"6179",3
"6180",8
"6181",4
"6182",16
"6183",7
"6184",1
"6185",8
"6186",4
"6187",2
"6188",1
"6189",8
"6190",4
"6191",19
"6192",23
"6193",3
"6194",4
"6195",2
"6196",3
"6197",6
"6198",21
"6199",4
"6200",23
"6201",1
"6202",7
"6203",8
"6204",9
"6205",14
"6206",8
"6207",23
"6208",5
"6209",2
"6210",2
"6211",2
"6212",17
"6213",5
"6214",10
"6215",8
"6216",5
"6217",2
"6218",3
"6219",10
"6220",2
"6221",21
"6222",6
"6223",2
"6224",4
"6225",15
"6226",3
"6227",1
"6228",7
"6229",19
"6230",2
"6231",1
"6232",20
"6233",7
"6234",6
"6235",3
"6236",3
"6237",2
"6238",7
"6239",2
"6240",6
"6241",6
"6242",16
"6243",14
"6244",4
"6245",1
"6246",2
"6247",14
"6248",9
"6249",5
"6250",3
"6251",1
"6252",1
"6253",2
"6254",6
"6255",6
"6256",5
"6257",14
"6258",2
"6259",6
"6260",9
"6261",5
"6262",4
"6263",4
"6264",4
"6265",15
"6266",2
"6267",7
"6268",3
"6269",6
"6270",7
"6271",2
"6272",21
"6273",23
"6274",13
"6275",19
"6276",2
"6277",3
"6278",1
"6279",4
"6280",5
"6281",13
"6282",4
"6283",19
"6284",4
"6285",3
"6286",14
"6287",12
"6288",16
"6289",8
"6290",3
"6291",2
"6292",16
"6293",6
"6294",4
"6295",1
"6296",3
"6297",4
"6298",4
"6299",4
"6300",8
"6301",4
"6302",4
"6303",3
"6304",2
"6305",3
"6306",5
"6307",16
"6308",8
"6309",4
"6310",7
"6311",13
"6312",6
"6313",13
"6314",4
"6315",6
"6316",1
"6317",6
"6318",7
"6319",23
"6320",19
"6321",4
"6322",1
"6323",3
"6324",10
"6325",3
"6326",5
"6327",23
"6328",7
"6329",14
"6330",2
"6331",7
"6332",6
"6333",2
"6334",6
"6335",6
"6336",23
"6337",4
"6338",9
"6339",13
"6340",2
"6341",7
"6342",8
"6343",19
"6344",5
"6345",7
"6346",4
"6347",4
"6348",2
"6349",13
"6350",10
"6351",10
"6352",5
"6353",6
"6354",1
"6355",4
"6356",1
"6357",2
"6358",20
"6359",19
"6360",7
"6361",2
"6362",5
"6363",3
"6364",1
"6365",2
"6366",1
"6367",4
"6368",10
"6369",21
"6370",4
"6371",3
"6372",1
"6373",1
"6374",19
"6375",8
"6376",11
"6377",4
"6378",2
"6379",5
"6380",7
"6381",8
"6382",20
"6383",1
"6384",19
"6385",3
"6386",1
"6387",5
"6388",13
"6389",9
"6390",2
"6391",3
"6392",1
"6393",9
"6394",3
"6395",19
"6396",2
"6397",5
"6398",12
"6399",2
"6400",3
"6401",3
"6402",2
"6403",16
"6404",2
"6405",5
"6406",2
"6407",1
"6408",1
"6409",1
"6410",7
"6411",1
"6412",1
"6413",3
"6414",3
"6415",27
"6416",3
"6417",4
"6418",10
"6419",9
"6420",19
"6421",4
"6422",16
"6423",1
"6424",6
"6425",5
"6426",2
"6427",3
"6428",13
"6429",7
"6430",4
"6431",10
"6432",5
"6433",5
"6434",27
"6435",6
"6436",4
"6437",3
"6438",2
"6439",10
"6440",13
"6441",8
"6442",7
"6443",4
"6444",1
"6445",1
"6446",5
"6447",3
"6448",10
"6449",2
"6450",3
"6451",6
"6452",9
"6453",4
"6454",3
"6455",1
"6456",17
"6457",2
"6458",1
"6459",4
"6460",4
"6461",9
"6462",6
"6463",9
"6464",6
"6465",7
"6466",6
"6467",2
"6468",5
"6469",4
"6470",6
"6471",2
"6472",8
"6473",23
"6474",8
"6475",12
"6476",6
"6477",2
"6478",4
"6479",3
"6480",10
"6481",2
"6482",25
"6483",10
"6484",1
"6485",1
"6486",1
"6487",2
"6488",2
"6489",19
"6490",6
"6491",1
"6492",3
"6493",3
"6494",3
"6495",7
"6496",4
"6497",10
"6498",1
"6499",7
"6500",19
"6501",3
"6502",4
"6503",10
"6504",25
"6505",2
"6506",2
"6507",9
"6508",3
"6509",5
"6510",5
"6511",20
"6512",3
"6513",8
"6514",4
"6515",2
"6516",1
"6517",1
"6518",2
"6519",5
"6520",3
"6521",3
"6522",7
"6523",3
"6524",1
"6525",5
"6526",19
"6527",10
"6528",21
"6529",1
"6530",5
"6531",2
"6532",3
"6533",1
"6534",9
"6535",14
"6536",4
"6537",1
"6538",3
"6539",3
"6540",14
"6541",6
"6542",14
"6543",3
"6544",20
"6545",2
"6546",9
"6547",5
"6548",2
"6549",10
"6550",3
"6551",2
"6552",1
"6553",5
"6554",1
"6555",2
"6556",2
"6557",2
"6558",1
"6559",4
"6560",4
"6561",1
"6562",5
"6563",1
"6564",9
"6565",14
"6566",7
"6567",3
"6568",2
"6569",8
"6570",3
"6571",3
"6572",3
"6573",1
"6574",11
"6575",4
"6576",4
"6577",8
"6578",14
"6579",13
"6580",6
"6581",21
"6582",4
"6583",10
"6584",1
"6585",2
"6586",4
"6587",17
"6588",2
"6589",3
"6590",1
"6591",2
"6592",5
"6593",2
"6594",3
"6595",1
"6596",19
"6597",17
"6598",15
"6599",1
"6600",21
"6601",6
"6602",4
"6603",9
"6604",2
"6605",7
"6606",6
"6607",5
"6608",1
"6609",3
"6610",16
"6611",14
"6612",7
"6613",21
"6614",13
"6615",7
"6616",9
"6617",7
"6618",1
"6619",3
"6620",2
"6621",10
"6622",1
"6623",4
"6624",6
"6625",1
"6626",2
"6627",8
"6628",2
"6629",4
"6630",6
"6631",5
"6632",23
"6633",2
"6634",1
"6635",21
"6636",2
"6637",1
"6638",5
"6639",4
"6640",9
"6641",19
"6642",14
"6643",9
"6644",3
"6645",2
"6646",14
"6647",17
"6648",2
"6649",1
"6650",9
"6651",25
"6652",8
"6653",4
"6654",12
"6655",2
"6656",5
"6657",5
"6658",1
"6659",15
"6660",1
"6661",13
"6662",4
"6663",3
"6664",15
"6665",16
"6666",3
"6667",6
"6668",3
"6669",2
"6670",3
"6671",6
"6672",14
"6673",20
"6674",6
"6675",4
"6676",6
"6677",3
"6678",10
"6679",7
"6680",5
"6681",14
"6682",9
"6683",13
"6684",4
"6685",4
"6686",3
"6687",27
"6688",1
"6689",10
"6690",7
"6691",4
"6692",4
"6693",4
"6694",6
"6695",7
"6696",2
"6697",8
"6698",1
"6699",6
"6700",7
"6701",6
"6702",5
"6703",13
"6704",12
"6705",10
"6706",6
"6707",3
"6708",4
"6709",19
"6710",19
"6711",2
"6712",14
"6713",2
"6714",6
"6715",3
"6716",7
"6717",6
"6718",7
"6719",17
"6720",7
"6721",6
"6722",3
"6723",8
"6724",26
"6725",26
"6726",22
"6727",12
"6728",2
"6729",9
"6730",2
"6731",5
"6732",4
"6733",10
"6734",1
"6735",4
"6736",6
"6737",5
"6738",2
"6739",23
"6740",8
"6741",1
"6742",21
"6743",3
"6744",1
"6745",4
"6746",21
"6747",4
"6748",7
"6749",3
"6750",6
"6751",23
"6752",6
"6753",8
"6754",1
"6755",20
"6756",5
"6757",21
"6758",2
"6759",15
"6760",7
"6761",10
"6762",7
"6763",5
"6764",2
"6765",13
"6766",5
"6767",2
"6768",2
"6769",10
"6770",20
"6771",1
"6772",3
"6773",13
"6774",8
"6775",17
"6776",1
"6777",5
"6778",1
"6779",6
"6780",4
"6781",2
"6782",2
"6783",3
"6784",1
"6785",1
"6786",5
"6787",2
"6788",3
"6789",2
"6790",3
"6791",1
"6792",25
"6793",1
"6794",17
"6795",12
"6796",1
"6797",3
"6798",2
"6799",16
"6800",16
"6801",12
"6802",13
"6803",9
"6804",17
"6805",4
"6806",5
"6807",10
"6808",17
"6809",15
"6810",5
"6811",5
"6812",6
"6813",9
"6814",1
"6815",14
"6816",8
"6817",3
"6818",1
"6819",1
"6820",7
"6821",1
"6822",7
"6823",9
"6824",2
"6825",2
"6826",1
"6827",4
"6828",2
"6829",1
"6830",3
"6831",2
"6832",9
"6833",2
"6834",20
"6835",5
"6836",3
"6837",3
"6838",2
"6839",3
"6840",4
"6841",8
"6842",7
"6843",3
"6844",13
"6845",16
"6846",1
"6847",17
"6848",2
"6849",2
"6850",9
"6851",12
"6852",5
"6853",21
"6854",1
"6855",1
"6856",16
"6857",2
"6858",3
"6859",2
"6860",5
"6861",1
"6862",0
"6863",17
"6864",5
"6865",9
"6866",1
"6867",2
"6868",2
"6869",1
"6870",7
"6871",1
"6872",1
"6873",2
"6874",15
"6875",5
"6876",14
"6877",2
"6878",14
"6879",17
"6880",1
"6881",3
"6882",6
"6883",2
"6884",2
"6885",10
"6886",14
"6887",17
"6888",10
"6889",3
"6890",1
"6891",4
"6892",1
"6893",3
"6894",1
"6895",1
"6896",5
"6897",5
"6898",3
"6899",4
"6900",12
"6901",7
"6902",12
"6903",2
"6904",1
"6905",5
"6906",1
"6907",3
"6908",1
"6909",22
"6910",2
"6911",13
"6912",9
"6913",4
"6914",8
"6915",2
"6916",4
"6917",12
"6918",19
"6919",1
"6920",10
"6921",5
"6922",6
"6923",5
"6924",9
"6925",2
"6926",2
"6927",8
"6928",7
"6929",3
"6930",1
"6931",1
"6932",1
"6933",3
"6934",2
"6935",1
"6936",10
"6937",10
"6938",3
"6939",7
"6940",1
"6941",19
"6942",10
"6943",1
"6944",1
"6945",3
"6946",7
"6947",1
"6948",5
"6949",5
"6950",1
"6951",1
"6952",3
"6953",1
"6954",6
"6955",5
"6956",6
"6957",0
"6958",1
"6959",6
"6960",1
"6961",4
"6962",15
"6963",1
"6964",16
"6965",12
"6966",25
"6967",3
"6968",3
"6969",8
"6970",3
"6971",2
"6972",1
"6973",5
"6974",2
"6975",1
"6976",17
"6977",6
"6978",2
"6979",1
"6980",16
"6981",9
"6982",4
"6983",8
"6984",1
"6985",3
"6986",11
"6987",4
"6988",4
"6989",7
"6990",17
"6991",4
"6992",8
"6993",4
"6994",1
"6995",3
"6996",14
"6997",3
"6998",10
"6999",6
"7000",7
"7001",14
"7002",13
"7003",10
"7004",3
"7005",3
"7006",6
"7007",3
"7008",2
"7009",6
"7010",21
"7011",10
"7012",2
"7013",4
"7014",8
"7015",3
"7016",4
"7017",2
"7018",8
"7019",4
"7020",2
"7021",1
"7022",1
"7023",4
"7024",2
"7025",3
"7026",6
"7027",1
"7028",1
"7029",1
"7030",6
"7031",1
"7032",1
"7033",1
"7034",4
"7035",5
"7036",9
"7037",7
"7038",1
"7039",17
"7040",2
"7041",3
"7042",17
"7043",1
"7044",24
"7045",20
"7046",1
"7047",8
"7048",5
"7049",8
"7050",1
"7051",6
"7052",5
"7053",2
"7054",1
"7055",27
"7056",3
"7057",10
"7058",6
"7059",8
"7060",4
"7061",3
"7062",3
"7063",2
"7064",3
"7065",8
"7066",3
"7067",14
"7068",14
"7069",12
"7070",16
"7071",2
"7072",6
"7073",7
"7074",2
"7075",2
"7076",10
"7077",4
"7078",9
"7079",8
"7080",4
"7081",2
"7082",1
"7083",1
"7084",4
"7085",1
"7086",7
"7087",1
"7088",3
"7089",6
"7090",4
"7091",5
"7092",1
"7093",2
"7094",9
"7095",6
"7096",5
"7097",23
"7098",16
"7099",3
"7100",1
"7101",19
"7102",4
"7103",1
"7104",2
"7105",25
"7106",7
"7107",7
"7108",7
"7109",21
"7110",8
"7111",8
"7112",4
"7113",13
"7114",15
"7115",18
"7116",22
"7117",2
"7118",4
"7119",10
"7120",3
"7121",16
"7122",15
"7123",2
"7124",4
"7125",14
"7126",1
"7127",1
"7128",4
"7129",1
"7130",17
"7131",1
"7132",6
"7133",8
"7134",1
"7135",2
"7136",10
"7137",21
"7138",19
"7139",3
"7140",2
"7141",1
"7142",3
"7143",2
"7144",1
"7145",1
"7146",8
"7147",2
"7148",1
"7149",1
"7150",3
"7151",4
"7152",10
"7153",12
"7154",4
"7155",4
"7156",5
"7157",7
"7158",1
"7159",1
"7160",2
"7161",2
"7162",1
"7163",3
"7164",13
"7165",13
"7166",4
"7167",2
"7168",3
"7169",1
"7170",3
"7171",6
"7172",3
"7173",9
"7174",7
"7175",4
"7176",13
"7177",9
"7178",1
"7179",3
"7180",6
"7181",4
"7182",3
"7183",3
"7184",21
"7185",9
"7186",20
"7187",1
"7188",27
"7189",6
"7190",2
"7191",7
"7192",23
"7193",27
"7194",8
"7195",7
"7196",21
"7197",4
"7198",7
"7199",7
"7200",23
"7201",6
"7202",10
"7203",1
"7204",14
"7205",2
"7206",6
"7207",6
"7208",1
"7209",7
"7210",7
"7211",6
"7212",2
"7213",7
"7214",3
"7215",3
"7216",9
"7217",5
"7218",8
"7219",4
"7220",14
"7221",6
"7222",5
"7223",27
"7224",2
"7225",20
"7226",8
"7227",25
"7228",6
"7229",2
"7230",8
"7231",9
"7232",1
"7233",2
"7234",10
"7235",5
"7236",6
"7237",1
"7238",3
"7239",2
"7240",6
"7241",4
"7242",2
"7243",7
"7244",3
"7245",7
"7246",8
"7247",14
"7248",3
"7249",6
"7250",1
"7251",1
"7252",21
"7253",21
"7254",13
"7255",3
"7256",9
"7257",1
"7258",2
"7259",21
"7260",6
"7261",21
"7262",3
"7263",1
"7264",3
"7265",13
"7266",3
"7267",2
"7268",1
"7269",2
"7270",4
"7271",6
"7272",14
"7273",8
"7274",9
"7275",1
"7276",3
"7277",10
"7278",12
"7279",5
"7280",4
"7281",7
"7282",9
"7283",17
"7284",2
"7285",5
"7286",3
"7287",17
"7288",10
"7289",1
"7290",4
"7291",4
"7292",15
"7293",9
"7294",3
"7295",9
"7296",4
"7297",2
"7298",2
"7299",8
"7300",3
"7301",14
"7302",1
"7303",5
"7304",25
"7305",5
"7306",1
"7307",23
"7308",2
"7309",2
"7310",2
"7311",7
"7312",8
"7313",14
"7314",2
"7315",3
"7316",3
"7317",2
"7318",2
"7319",5
"7320",9
"7321",6
"7322",16
"7323",3
"7324",2
"7325",4
"7326",3
"7327",1
"7328",8
"7329",12
"7330",25
"7331",5
"7332",4
"7333",3
"7334",3
"7335",5
"7336",6
"7337",9
"7338",1
"7339",2
"7340",1
"7341",21
"7342",1
"7343",4
"7344",15
"7345",1
"7346",16
"7347",4
"7348",6
"7349",3
"7350",16
"7351",12
"7352",2
"7353",12
"7354",2
"7355",6
"7356",5
"7357",3
"7358",4
"7359",14
"7360",6
"7361",5
"7362",1
"7363",15
"7364",6
"7365",1
"7366",2
"7367",14
"7368",2
"7369",7
"7370",6
"7371",23
"7372",1
"7373",17
"7374",21
"7375",4
"7376",14
"7377",9
"7378",17
"7379",3
"7380",1
"7381",13
"7382",5
"7383",6
"7384",6
"7385",18
"7386",2
"7387",1
"7388",14
"7389",10
"7390",4
"7391",3
"7392",19
"7393",6
"7394",2
"7395",6
"7396",5
"7397",6
"7398",8
"7399",10
"7400",3
"7401",26
"7402",11
"7403",1
"7404",10
"7405",8
"7406",21
"7407",4
"7408",4
"7409",2
"7410",2
"7411",1
"7412",6
"7413",1
"7414",1
"7415",5
"7416",3
"7417",2
"7418",8
"7419",3
"7420",2
"7421",1
"7422",8
"7423",1
"7424",8
"7425",2
"7426",2
"7427",1
"7428",5
"7429",14
"7430",7
"7431",2
"7432",9
"7433",1
"7434",14
"7435",17
"7436",2
"7437",2
"7438",4
"7439",1
"7440",8
"7441",4
"7442",3
"7443",2
"7444",16
"7445",12
"7446",6
"7447",5
"7448",2
"7449",3
"7450",5
"7451",11
"7452",8
"7453",10
"7454",20
"7455",10
"7456",6
"7457",3
"7458",14
"7459",3
"7460",1
"7461",5
"7462",3
"7463",5
"7464",5
"7465",6
"7466",2
"7467",7
"7468",7
"7469",15
"7470",5
"7471",1
"7472",8
"7473",1
"7474",9
"7475",3
"7476",5
"7477",8
"7478",3
"7479",2
"7480",1
"7481",3
"7482",5
"7483",2
"7484",8
"7485",1
"7486",1
"7487",13
"7488",2
"7489",8
"7490",4
"7491",10
"7492",14
"7493",8
"7494",1
"7495",2
"7496",5
"7497",11
"7498",26
"7499",12
"7500",3
"7501",26
"7502",1
"7503",13
"7504",20
"7505",10
"7506",2
"7507",8
"7508",3
"7509",5
"7510",19
"7511",7
"7512",6
"7513",5
"7514",10
"7515",7
"7516",1
"7517",5
"7518",5
"7519",1
"7520",6
"7521",7
"7522",9
"7523",3
"7524",5
"7525",9
"7526",1
"7527",3
"7528",3
"7529",1
"7530",1
"7531",3
"7532",14
"7533",2
"7534",6
"7535",10
"7536",14
"7537",3
"7538",2
"7539",15
"7540",5
"7541",23
"7542",10
"7543",21
"7544",4
"7545",5
"7546",8
"7547",2
"7548",5
"7549",3
"7550",2
"7551",1
"7552",9
"7553",1
"7554",4
"7555",7
"7556",8
"7557",14
"7558",3
"7559",5
"7560",1
"7561",5
"7562",1
"7563",12
"7564",1
"7565",3
"7566",1
"7567",1
"7568",4
"7569",10
"7570",19
"7571",3
"7572",4
"7573",1
"7574",5
"7575",2
"7576",6
"7577",5
"7578",3
"7579",10
"7580",2
"7581",1
"7582",2
"7583",12
"7584",7
"7585",10
"7586",2
"7587",7
"7588",8
"7589",3
"7590",8
"7591",6
"7592",2
"7593",1
"7594",13
"7595",1
"7596",13
"7597",2
"7598",12
"7599",6
"7600",4
"7601",3
"7602",3
"7603",12
"7604",1
"7605",6
"7606",2
"7607",2
"7608",2
"7609",4
"7610",3
"7611",1
"7612",3
"7613",4
"7614",4
"7615",16
"7616",1
"7617",3
"7618",7
"7619",1
"7620",3
"7621",2
"7622",3
"7623",7
"7624",2
"7625",8
"7626",14
"7627",1
"7628",4
"7629",4
"7630",14
"7631",7
"7632",13
"7633",2
"7634",4
"7635",1
"7636",2
"7637",1
"7638",5
"7639",2
"7640",3
"7641",1
"7642",2
"7643",6
"7644",2
"7645",16
"7646",12
"7647",5
"7648",3
"7649",2
"7650",2
"7651",5
"7652",3
"7653",3
"7654",2
"7655",3
"7656",3
"7657",1
"7658",26
"7659",1
"7660",14
"7661",2
"7662",20
"7663",10
"7664",1
"7665",2
"7666",1
"7667",8
"7668",10
"7669",16
"7670",3
"7671",3
"7672",1
"7673",4
"7674",3
"7675",1
"7676",4
"7677",17
"7678",8
"7679",2
"7680",15
"7681",7
"7682",23
"7683",9
"7684",3
"7685",9
"7686",17
"7687",1
"7688",5
"7689",3
"7690",2
"7691",6
"7692",12
"7693",7
"7694",4
"7695",1
"7696",1
"7697",5
"7698",13
"7699",4
"7700",7
"7701",12
"7702",1
"7703",1
"7704",2
"7705",3
"7706",2
"7707",10
"7708",2
"7709",20
"7710",2
"7711",1
"7712",3
"7713",3
"7714",13
"7715",10
"7716",1
"7717",3
"7718",12
"7719",3
"7720",9
"7721",6
"7722",5
"7723",1
"7724",5
"7725",9
"7726",4
"7727",8
"7728",5
"7729",19
"7730",9
"7731",20
"7732",4
"7733",10
"7734",1
"7735",10
"7736",3
"7737",13
"7738",23
"7739",3
"7740",6
"7741",13
"7742",6
"7743",3
"7744",4
"7745",5
"7746",10
"7747",23
"7748",2
"7749",13
"7750",4
"7751",6
"7752",10
"7753",20
"7754",16
"7755",6
"7756",2
"7757",5
"7758",7
"7759",1
"7760",13
"7761",8
"7762",3
"7763",1
"7764",14
"7765",5
"7766",6
"7767",3
"7768",3
"7769",3
"7770",23
"7771",4
"7772",3
"7773",6
"7774",2
"7775",4
"7776",4
"7777",1
"7778",2
"7779",4
"7780",10
"7781",7
"7782",10
"7783",13
"7784",6
"7785",1
"7786",1
"7787",4
"7788",6
"7789",2
"7790",3
"7791",2
"7792",10
"7793",3
"7794",2
"7795",4
"7796",1
"7797",2
"7798",2
"7799",5
"7800",8
"7801",2
"7802",12
"7803",2
"7804",4
"7805",3
"7806",8
"7807",3
"7808",3
"7809",22
"7810",7
"7811",2
"7812",3
"7813",25
"7814",8
"7815",10
"7816",1
"7817",15
"7818",19
"7819",1
"7820",6
"7821",14
"7822",7
"7823",10
"7824",3
"7825",3
"7826",3
"7827",1
"7828",2
"7829",15
"7830",1
"7831",1
"7832",4
"7833",4
"7834",1
"7835",10
"7836",1
"7837",10
"7838",5
"7839",3
"7840",1
"7841",1
"7842",10
"7843",23
"7844",17
"7845",1
"7846",3
"7847",24
"7848",1
"7849",3
"7850",2
"7851",8
"7852",4
"7853",2
"7854",19
"7855",19
"7856",3
"7857",12
"7858",1
"7859",7
"7860",1
"7861",9
"7862",4
"7863",5
"7864",1
"7865",1
"7866",2
"7867",10
"7868",1
"7869",1
"7870",1
"7871",3
"7872",1
"7873",17
"7874",2
"7875",3
"7876",16
"7877",1
"7878",4
"7879",2
"7880",2
"7881",15
"7882",1
"7883",6
"7884",3
"7885",5
"7886",5
"7887",8
"7888",3
"7889",1
"7890",17
"7891",7
"7892",16
"7893",9
"7894",4
"7895",4
"7896",10
"7897",9
"7898",13
"7899",4
"7900",5
"7901",2
"7902",1
"7903",14
"7904",1
"7905",12
"7906",5
"7907",10
"7908",2
"7909",3
"7910",3
"7911",3
"7912",5
"7913",13
"7914",13
"7915",2
"7916",1
"7917",2
"7918",17
"7919",1
"7920",1
"7921",13
"7922",1
"7923",4
"7924",3
"7925",2
"7926",20
"7927",5
"7928",7
"7929",5
"7930",5
"7931",16
"7932",16
"7933",6
"7934",2
"7935",8
"7936",4
"7937",2
"7938",5
"7939",2
"7940",6
"7941",5
"7942",4
"7943",2
"7944",17
"7945",2
"7946",3
"7947",8
"7948",3
"7949",3
"7950",27
"7951",1
"7952",1
"7953",3
"7954",1
"7955",1
"7956",2
"7957",6
"7958",2
"7959",2
"7960",4
"7961",2
"7962",2
"7963",9
"7964",6
"7965",20
"7966",19
"7967",1
"7968",4
"7969",6
"7970",4
"7971",23
"7972",9
"7973",5
"7974",7
"7975",1
"7976",17
"7977",4
"7978",7
"7979",2
"7980",6
"7981",25
"7982",9
"7983",3
"7984",4
"7985",3
"7986",21
"7987",2
"7988",2
"7989",4
"7990",3
"7991",4
"7992",9
"7993",2
"7994",7
"7995",7
"7996",3
"7997",6
"7998",6
"7999",9
"8000",3
"8001",4
"8002",14
"8003",7
"8004",10
"8005",2
"8006",1
"8007",21
"8008",9
"8009",8
"8010",19
"8011",2
"8012",4
"8013",4
"8014",2
"8015",1
"8016",4
"8017",19
"8018",9
"8019",13
"8020",10
"8021",5
"8022",8
"8023",3
"8024",7
"8025",1
"8026",7
"8027",4
"8028",2
"8029",2
"8030",10
"8031",1
"8032",3
"8033",3
"8034",2
"8035",17
"8036",3
"8037",25
"8038",8
"8039",1
"8040",4
"8041",4
"8042",6
"8043",5
"8044",8
"8045",8
"8046",19
"8047",20
"8048",1
"8049",17
"8050",9
"8051",8
"8052",5
"8053",2
"8054",7
"8055",15
"8056",3
"8057",2
"8058",10
"8059",2
"8060",3
"8061",4
"8062",2
"8063",9
"8064",9
"8065",1
"8066",17
"8067",5
"8068",10
"8069",5
"8070",2
"8071",2
"8072",8
"8073",2
"8074",2
"8075",2
"8076",2
"8077",4
"8078",4
"8079",7
"8080",4
"8081",1
"8082",10
"8083",2
"8084",4
"8085",7
"8086",2
"8087",15
"8088",2
"8089",2
"8090",3
"8091",10
"8092",4
"8093",1
"8094",21
"8095",3
"8096",1
"8097",3
"8098",4
"8099",4
"8100",3
"8101",19
"8102",9
"8103",9
"8104",7
"8105",20
"8106",8
"8107",4
"8108",2
"8109",4
"8110",23
"8111",13
"8112",2
"8113",1
"8114",17
"8115",6
"8116",7
"8117",8
"8118",21
"8119",8
"8120",3
"8121",1
"8122",14
"8123",25
"8124",2
"8125",6
"8126",8
"8127",21
"8128",9
"8129",9
"8130",6
"8131",9
"8132",9
"8133",1
"8134",2
"8135",9
"8136",2
"8137",2
"8138",3
"8139",5
"8140",8
"8141",15
"8142",15
"8143",5
"8144",3
"8145",3
"8146",7
"8147",10
"8148",3
"8149",3
"8150",1
"8151",12
"8152",16
"8153",7
"8154",1
"8155",15
"8156",6
"8157",11
"8158",8
"8159",1
"8160",10
"8161",4
"8162",5
"8163",6
"8164",14
"8165",20
"8166",14
"8167",8
"8168",25
"8169",6
"8170",13
"8171",6
"8172",2
"8173",3
"8174",17
"8175",6
"8176",4
"8177",10
"8178",1
"8179",14
"8180",13
"8181",4
"8182",2
"8183",7
"8184",17
"8185",3
"8186",2
"8187",7
"8188",4
"8189",13
"8190",14
"8191",2
"8192",17
"8193",2
"8194",22
"8195",1
"8196",5
"8197",18
"8198",15
"8199",15
"8200",4
"8201",12
"8202",20
"8203",3
"8204",12
"8205",17
"8206",19
"8207",6
"8208",6
"8209",1
"8210",7
"8211",12
"8212",3
"8213",4
"8214",8
"8215",8
"8216",2
"8217",6
"8218",13
"8219",7
"8220",1
"8221",2
"8222",3
"8223",10
"8224",9
"8225",3
"8226",13
"8227",13
"8228",1
"8229",2
"8230",4
"8231",1
"8232",7
"8233",17
"8234",21
"8235",8
"8236",6
"8237",3
"8238",4
"8239",20
"8240",14
"8241",3
"8242",2
"8243",9
"8244",25
"8245",1
"8246",27
"8247",3
"8248",13
"8249",1
"8250",13
"8251",2
"8252",9
"8253",17
"8254",2
"8255",1
"8256",13
"8257",2
"8258",5
"8259",1
"8260",7
"8261",2
"8262",5
"8263",2
"8264",3
"8265",1
"8266",9
"8267",3
"8268",3
"8269",6
"8270",1
"8271",7
"8272",6
"8273",3
"8274",5
"8275",4
"8276",5
"8277",5
"8278",1
"8279",14
"8280",2
"8281",7
"8282",3
"8283",7
"8284",17
"8285",4
"8286",2
"8287",3
"8288",2
"8289",2
"8290",4
"8291",16
"8292",0
"8293",1
"8294",19
"8295",10
"8296",6
"8297",7
"8298",9
"8299",8
"8300",3
"8301",10
"8302",13
"8303",9
"8304",1
"8305",1
"8306",1
"8307",14
"8308",1
"8309",3
"8310",4
"8311",10
"8312",2
"8313",9
"8314",10
"8315",20
"8316",2
"8317",3
"8318",9
"8319",1
"8320",1
"8321",14
"8322",4
"8323",5
"8324",2
"8325",9
"8326",4
"8327",6
"8328",5
"8329",2
"8330",4
"8331",14
"8332",20
"8333",4
"8334",6
"8335",7
"8336",7
"8337",6
"8338",13
"8339",21
"8340",7
"8341",3
"8342",3
"8343",14
"8344",1
"8345",8
"8346",21
"8347",1
"8348",2
"8349",21
"8350",8
"8351",21
"8352",1
"8353",3
"8354",2
"8355",3
"8356",3
"8357",1
"8358",2
"8359",6
"8360",8
"8361",5
"8362",5
"8363",10
"8364",21
"8365",6
"8366",5
"8367",2
"8368",17
"8369",4
"8370",10
"8371",4
"8372",2
"8373",3
"8374",1
"8375",1
"8376",16
"8377",8
"8378",1
"8379",3
"8380",7
"8381",3
"8382",7
"8383",4
"8384",3
"8385",3
"8386",3
"8387",1
"8388",7
"8389",5
"8390",1
"8391",27
"8392",13
"8393",2
"8394",10
"8395",2
"8396",13
"8397",8
"8398",2
"8399",1
"8400",7
"8401",19
"8402",4
"8403",3
"8404",7
"8405",8
"8406",2
"8407",2
"8408",19
"8409",3
"8410",10
"8411",6
"8412",5
"8413",3
"8414",6
"8415",3
"8416",2
"8417",3
"8418",20
"8419",4
"8420",3
"8421",2
"8422",9
"8423",9
"8424",7
"8425",20
"8426",1
"8427",4
"8428",1
"8429",1
"8430",1
"8431",1
"8432",7
"8433",7
"8434",5
"8435",13
"8436",2
"8437",2
"8438",5
"8439",7
"8440",1
"8441",4
"8442",3
"8443",10
"8444",4
"8445",3
"8446",2
"8447",1
"8448",2
"8449",10
"8450",3
"8451",2
"8452",1
"8453",22
"8454",16
"8455",7
"8456",21
"8457",1
"8458",8
"8459",9
"8460",1
"8461",2
"8462",3
"8463",4
"8464",4
"8465",4
"8466",14
"8467",7
"8468",4
"8469",4
"8470",1
"8471",4
"8472",4
"8473",2
"8474",8
"8475",3
"8476",13
"8477",2
"8478",21
"8479",9
"8480",20
"8481",1
"8482",2
"8483",1
"8484",13
"8485",1
"8486",1
"8487",2
"8488",13
"8489",3
"8490",5
"8491",2
"8492",7
"8493",8
"8494",6
"8495",3
"8496",8
"8497",5
"8498",4
"8499",1
"8500",23
"8501",13
"8502",3
"8503",2
"8504",1
"8505",8
"8506",1
"8507",3
"8508",14
"8509",19
"8510",6
"8511",9
"8512",2
"8513",9
"8514",21
"8515",1
"8516",3
"8517",5
"8518",8
"8519",6
"8520",10
"8521",5
"8522",3
"8523",2
"8524",9
"8525",5
"8526",2
"8527",10
"8528",5
"8529",1
"8530",3
"8531",9
"8532",5
"8533",5
"8534",8
"8535",13
"8536",3
"8537",1
"8538",16
"8539",3
"8540",2
"8541",3
"8542",14
"8543",17
"8544",19
"8545",2
"8546",14
"8547",2
"8548",14
"8549",5
"8550",1
"8551",3
"8552",5
"8553",22
"8554",1
"8555",1
"8556",2
"8557",4
"8558",4
"8559",1
"8560",4
"8561",5
"8562",10
"8563",3
"8564",5
"8565",10
"8566",9
"8567",17
"8568",2
"8569",13
"8570",2
"8571",5
"8572",3
"8573",8
"8574",10
"8575",1
"8576",17
"8577",2
"8578",1
"8579",20
"8580",1
"8581",3
"8582",3
"8583",3
"8584",4
"8585",4
"8586",4
"8587",2
"8588",7
"8589",8
"8590",6
"8591",6
"8592",2
"8593",1
"8594",1
"8595",2
"8596",9
"8597",2
"8598",1
"8599",4
"8600",8
"8601",2
"8602",3
"8603",13
"8604",8
"8605",2
"8606",2
"8607",5
"8608",2
"8609",1
"8610",5
"8611",1
"8612",1
"8613",2
"8614",5
"8615",1
"8616",3
"8617",8
"8618",1
"8619",1
"8620",2
"8621",9
"8622",2
"8623",9
"8624",3
"8625",1
"8626",8
"8627",6
"8628",2
"8629",6
"8630",2
"8631",8
"8632",19
"8633",5
"8634",11
"8635",4
"8636",10
"8637",6
"8638",9
"8639",3
"8640",1
"8641",1
"8642",3
"8643",2
"8644",1
"8645",1
"8646",14
"8647",5
"8648",3
"8649",17
"8650",2
"8651",5
"8652",25
"8653",10
"8654",9
